"TR10000-8"	"11-Deoxycortisol"	"Chemistry"
"TR10001-6"	"Acetylcholinesterase"	"Chemistry"
"TR10002-4"	"Acid Phosphatase"	"Chemistry"
"TR10003-2"	"Acid Phosphatase Prostatic"	"Chemistry"
"TR10004-0"	"Addis Count"	"Chemistry"
"TR10005-7"	"Adenosine Deaminase"	"Chemistry"
"TR10006-5"	"Adenosine Monophosphate Cyclic"	"Chemistry"
"TR10007-3"	"17-Hydroxycorticosteroids"	"Chemistry"
"TR10008-1"	"Corticotropin"	"Chemistry"
"TR10009-9"	"Alanine Aminotransaminase"	"Chemistry"
"TR10010-7"	"Albumin"	"Chemistry"
"TR10011-5"	"Albumin Qualitative"	"Chemistry"
"TR10012-3"	"Alcohol Fractionation"	"Chemistry"
"TR10013-1"	"Alcohol Screen"	"Chemistry"
"TR10014-9"	"Aldolase"	"Chemistry"
"TR10015-6"	"Aldosterone"	"Chemistry"
"TR10016-4"	"Alkaline Phosphatase"	"Chemistry"
"TR10017-2"	"Alkaline Phosphatase Fractionation"	"Chemistry"
"TR10018-0"	"Alpha 1-Acid Glycoprotein"	"Chemistry"
"TR10019-8"	"17-Hydroxyprogesterone"	"Chemistry"
"TR10020-6"	"Alpha Keto Acids"	"Chemistry"
"TR10021-4"	"Alpha Fetoprotein"	"Chemistry"
"TR10022-2"	"Alpha 2-Macroglobulin"	"Chemistry"
"TR10023-0"	"Alprazolam"	"Chemistry"
"TR10024-8"	"Aluminum"	"Chemistry"
"TR10025-5"	"Amikacin Peak"	"Chemistry"
"TR10026-3"	"Amikacin Random"	"Chemistry"
"TR10027-1"	"Amikacin Trough"	"Chemistry"
"TR10028-9"	"Amino Acid Nitrogen"	"Chemistry"
"TR10029-7"	"Amino Acids"	"Chemistry"
"TR10030-5"	"Amino Acids Screen"	"Chemistry"
"TR10031-3"	"Amiodarone"	"Chemistry"
"TR10032-1"	"Amitriptyline"	"Chemistry"
"TR10033-9"	"17-Ketogenic Steroids"	"Chemistry"
"TR10034-7"	"Ammonia"	"Chemistry"
"TR10035-4"	"Amniotic Fluid Analysis"	"Chemistry"
"TR10036-2"	"Amobarbital"	"Chemistry"
"TR10037-0"	"Amphetamine Screen"	"Chemistry"
"TR10038-8"	"Amylase"	"Chemistry"
"TR10039-6"	"Amylase Fractionation"	"Chemistry"
"TR10040-4"	"Androstenedione"	"Chemistry"
"TR10041-2"	"Angiotensin Converting Enzyme"	"Chemistry"
"TR10042-0"	"Vasopressin"	"Chemistry"
"TR10043-8"	"Antimony"	"Chemistry"
"TR10044-6"	"17-Ketosteroids"	"Chemistry"
"TR10045-3"	"Apolipoprotein A I"	"Chemistry"
"TR10046-1"	"Apolipoprotein B"	"Chemistry"
"TR10047-9"	"Apolipoprotein C III"	"Chemistry"
"TR10048-7"	"Apolipoprotein E"	"Chemistry"
"TR10049-5"	"Arsenic"	"Chemistry"
"TR10050-3"	"Ascorbate"	"Chemistry"
"TR10051-1"	"Aspartate Aminotransferase"	"Chemistry"
"TR10052-9"	"Barbiturates Fractionation"	"Chemistry"
"TR10053-7"	"Barbiturates Screen"	"Chemistry"
"TR10054-5"	"Barium"	"Chemistry"
"TR10055-2"	"17-Ketosteroids Fractionated"	"Chemistry"
"TR10056-0"	"Benzodiazepine Screen"	"Chemistry"
"TR10057-8"	"Benztropine"	"Chemistry"
"TR10058-6"	"Beryllium"	"Chemistry"
"TR10059-4"	"Beta Transferrin"	"Chemistry"
"TR10060-2"	"Beta 2-Microglobulin"	"Chemistry"
"TR10061-0"	"Beta Hydroxybutyrate"	"Chemistry"
"TR10062-8"	"Beta n-Acetylhexosaminidase"	"Chemistry"
"TR10063-6"	"Bile Acid"	"Chemistry"
"TR10064-4"	"Bile Microscopy"	"Chemistry"
"TR10065-1"	"Bilirubin"	"Chemistry"
"TR10066-9"	"5-Flurocytosine"	"Chemistry"
"TR10067-7"	"Bilirubin Glucuronidated"	"Chemistry"
"TR10068-5"	"Bilirubin Non-Glucuronidated"	"Chemistry"
"TR10069-3"	"Bismuth"	"Chemistry"
"TR10070-1"	"Volume"	"Chemistry"
"TR10071-9"	"Boron"	"Chemistry"
"TR10072-7"	"Bromide"	"Chemistry"
"TR10073-5"	"Bromosulphthalein"	"Chemistry"
"TR10074-3"	"Bupivacaine"	"Chemistry"
"TR10075-0"	"Busulfan"	"Chemistry"
"TR10076-8"	"Butabarbital"	"Chemistry"
"TR10077-6"	"Butalbital"	"Chemistry"
"TR10078-4"	"5-Hydroxyindoleacetate"	"Chemistry"
"TR10079-2"	"C Peptide"	"Chemistry"
"TR10080-0"	"Cadmium"	"Chemistry"
"TR10081-8"	"Caffeine"	"Chemistry"
"TR10082-6"	"Calcidiol"	"Chemistry"
"TR10083-4"	"Calcitonin"	"Chemistry"
"TR10084-2"	"Calcitriol"	"Chemistry"
"TR10085-9"	"Calcium"	"Chemistry"
"TR10086-7"	"Calcium Ionized"	"Chemistry"
"TR10087-5"	"Calculus Analysis"	"Chemistry"
"TR10088-3"	"Cancer Antigen 125"	"Chemistry"
"TR10089-1"	"5-Hydroxyindoleacetate Screen"	"Chemistry"
"TR10090-9"	"Cancer Antigen 15-3"	"Chemistry"
"TR10091-7"	"Cancer Antigen 19-5"	"Chemistry"
"TR10092-5"	"Cancer Antigen 19-9"	"Chemistry"
"TR10093-3"	"Cancer Antigen 242"	"Chemistry"
"TR10094-1"	"Cancer Antigen 27-29"	"Chemistry"
"TR10095-8"	"Cancer Antigen 50"	"Chemistry"
"TR10096-6"	"Cancer Antigen 549"	"Chemistry"
"TR10097-4"	"Cancer Antigen 72-4"	"Chemistry"
"TR10098-2"	"Cancer Antigen DM/70K"	"Chemistry"
"TR10099-0"	"Cannabinoids Screen"	"Chemistry"
"TR10100-6"	"5-Nucleotidase"	"Chemistry"
"TR10101-4"	"Carbamazepine"	"Chemistry"
"TR10102-2"	"Carbamazepine Epoxide"	"Chemistry"
"TR10103-0"	"Carbon Dioxide"	"Chemistry"
"TR10104-8"	"Carboxyhemoglobin"	"Chemistry"
"TR10105-5"	"Carcinoembryonic Antigen"	"Chemistry"
"TR10106-3"	"Carnitine"	"Chemistry"
"TR10107-1"	"Carotene"	"Chemistry"
"TR10108-9"	"Catecholamines"	"Chemistry"
"TR10109-7"	"Catecholamines Fractionation"	"Chemistry"
"TR10110-5"	"Cerebroside Sulfatase"	"Chemistry"
"TR10111-3"	"7-Dehydrocholesterol"	"Chemistry"
"TR10112-1"	"Ceruloplasmin"	"Chemistry"
"TR10113-9"	"Chloral Hydrate"	"Chemistry"
"TR10114-7"	"Chloramphenicol"	"Chemistry"
"TR10115-4"	"Chlordiazepoxide"	"Chemistry"
"TR10116-2"	"Chloride"	"Chemistry"
"TR10117-0"	"Chloroquine"	"Chemistry"
"TR10118-8"	"Chlopromazine"	"Chemistry"
"TR10119-6"	"Chlorpropamide"	"Chemistry"
"TR10120-4"	"Cholesterol"	"Chemistry"
"TR10121-2"	"Cholesterol Esters"	"Chemistry"
"TR10122-0"	"Acetaminophen"	"Chemistry"
"TR10123-8"	"Cholinesterase"	"Chemistry"
"TR10124-6"	"Cholinesterase Phenotype"	"Chemistry"
"TR10125-3"	"Choriomammotropin"	"Chemistry"
"TR10126-1"	"Choriogonadotropin"	"Chemistry"
"TR10127-9"	"Choriogonadotropin Screen"	"Chemistry"
"TR10128-7"	"Chromium"	"Chemistry"
"TR10129-5"	"Chymotrypsin"	"Chemistry"
"TR10130-3"	"Cimetidine"	"Chemistry"
"TR10131-1"	"Citrate"	"Chemistry"
"TR10132-9"	"Clobazam"	"Chemistry"
"TR10133-7"	"Clomipramine"	"Chemistry"
"TR10134-5"	"Clonazepam"	"Chemistry"
"TR10135-2"	"Clorazepate"	"Chemistry"
"TR10136-0"	"Clozapine"	"Chemistry"
"TR10137-8"	"Acetone"	"Chemistry"
"TR10138-6"	"Cobalamins"	"Chemistry"
"TR10139-4"	"Acetone Screen"	"Chemistry"
"TR10140-2"	"Cobalt"	"Chemistry"
"TR10141-0"	"Copper"	"Chemistry"
"TR10142-8"	"Cortisol Morning"	"Chemistry"
"TR10143-6"	"Cortisol Evening"	"Chemistry"
"TR10144-4"	"Cotinine"	"Chemistry"
"TR10145-1"	"Creatine"	"Chemistry"
"TR10146-9"	"Creatine Kinase"	"Chemistry"
"TR10147-7"	"Creatine Kinase Fractionation"	"Chemistry"
"TR10148-5"	"Creatine Kinase MB"	"Chemistry"
"TR10149-3"	"Creatinine"	"Chemistry"
"TR10150-1"	"Creatinine Clearance"	"Chemistry"
"TR10151-9"	"Cyclobenzaprine"	"Chemistry"
"TR10152-7"	"Cyclosporine"	"Chemistry"
"TR10153-5"	"Cystatin C"	"Chemistry"
"TR10154-3"	"Cystine"	"Chemistry"
"TR10155-0"	"Cystine Screen"	"Chemistry"
"TR10156-8"	"Dehydroepiandrosterone Sulphate"	"Chemistry"
"TR10157-6"	"Delta Aminolevulinate"	"Chemistry"
"TR10158-4"	"Deoxypyridinoline"	"Chemistry"
"TR10159-2"	"Desipramine"	"Chemistry"
"TR10160-0"	"Dextromethorphan"	"Chemistry"
"TR10161-8"	"Diazepam"	"Chemistry"
"TR10162-6"	"Digoxin"	"Chemistry"
"TR10163-4"	"Dihydrotestosterone"	"Chemistry"
"TR10164-2"	"Dimenhydrinate"	"Chemistry"
"TR10165-9"	"Diphenhydramine"	"Chemistry"
"TR10166-7"	"Disopyramide"	"Chemistry"
"TR10167-5"	"Dopamine"	"Chemistry"
"TR10168-3"	"Doxepin"	"Chemistry"
"TR10169-1"	"Drug Screen Broad Spectrum"	"Chemistry"
"TR10170-9"	"Drugs Of Abuse Screen"	"Chemistry"
"TR10171-7"	"Enolase Neuron Specific"	"Chemistry"
"TR10172-5"	"Erythropoietin"	"Chemistry"
"TR10173-3"	"Estradiol"	"Chemistry"
"TR10174-1"	"Estriol"	"Chemistry"
"TR10175-8"	"Estrogen"	"Chemistry"
"TR10176-6"	"Estrone"	"Chemistry"
"TR10177-4"	"Ethanol"	"Chemistry"
"TR10178-2"	"Ethchlorvynol"	"Chemistry"
"TR10179-0"	"Ethosuximide"	"Chemistry"
"TR10180-8"	"Ethylene Glycol"	"Chemistry"
"TR10181-6"	"Fat"	"Chemistry"
"TR10182-4"	"Fat Differential"	"Chemistry"
"TR10183-2"	"Fat Screen"	"Chemistry"
"TR10184-0"	"Fatty Acids Nonesterified"	"Chemistry"
"TR10185-7"	"Fatty Acids Very Long Chain"	"Chemistry"
"TR10186-5"	"Ferritin"	"Chemistry"
"TR10187-3"	"Flunitrazepam"	"Chemistry"
"TR10188-1"	"Fluoride"	"Chemistry"
"TR10189-9"	"Fluoxetine"	"Chemistry"
"TR10190-7"	"Flurazepam"	"Chemistry"
"TR10191-5"	"Fluvoxamine"	"Chemistry"
"TR10192-3"	"Folate"	"Chemistry"
"TR10193-1"	"Follitropin"	"Chemistry"
"TR10194-9"	"Free Androgen Index"	"Chemistry"
"TR10195-6"	"Free Erythrocyte Protoporphyrin"	"Chemistry"
"TR10196-4"	"Fructosamine"	"Chemistry"
"TR10197-2"	"Fructose"	"Chemistry"
"TR10198-0"	"Furosemide"	"Chemistry"
"TR10199-8"	"Gabapentin"	"Chemistry"
"TR10200-4"	"Galactose"	"Chemistry"
"TR10201-2"	"Galactose 1-Phosphate Uridyl Transferase"	"Chemistry"
"TR10202-0"	"Galactose 1- Phosphate Uridyl Transferase Screen"	"Chemistry"
"TR10203-8"	"Gamma Glutamyl Transferase"	"Chemistry"
"TR10204-6"	"Gamma-Hydroxybutyrate"	"Chemistry"
"TR10205-3"	"Gastric Analysis"	"Chemistry"
"TR10206-1"	"Gastrin"	"Chemistry"
"TR10207-9"	"Gentamicin Peak"	"Chemistry"
"TR10208-7"	"Gentamicin Random"	"Chemistry"
"TR10209-5"	"Gentamicin Trough"	"Chemistry"
"TR10210-3"	"Glibenclamide"	"Chemistry"
"TR10211-1"	"Globulin"	"Chemistry"
"TR10212-9"	"Glucagon"	"Chemistry"
"TR10213-7"	"Glucose Tolerance Test 2 Hour"	"Chemistry"
"TR10214-5"	"Glucose Tolerance Test 3 Hour"	"Chemistry"
"TR10215-2"	"Glucose Tolerance Test 4 Hour"	"Chemistry"
"TR10216-0"	"Glucose Tolerance Test 5 Hour"	"Chemistry"
"TR10217-8"	"Glucose Tolerance Test Gestational"	"Chemistry"
"TR10218-6"	"Glucose 2 Hour Post Meal"	"Chemistry"
"TR10219-4"	"Glucose Fasting"	"Chemistry"
"TR10220-2"	"Glucose"	"Chemistry"
"TR10221-0"	"Glutathione"	"Chemistry"
"TR10222-8"	"Glutathione Peroxidase"	"Chemistry"
"TR10223-6"	"Glyburide"	"Chemistry"
"TR10224-4"	"Glycoprotein"	"Chemistry"
"TR10225-1"	"Gold"	"Chemistry"
"TR10226-9"	"Haloperidol"	"Chemistry"
"TR10227-7"	"Haptoglobin"	"Chemistry"
"TR10228-5"	"Hemoglobin A1 C"	"Chemistry"
"TR10229-3"	"Heroin"	"Chemistry"
"TR10230-1"	"Cholesterol in HDL"	"Chemistry"
"TR10231-9"	"Histamine"	"Chemistry"
"TR10232-7"	"Homocysteine"	"Chemistry"
"TR10233-5"	"Homogentisate"	"Chemistry"
"TR10234-3"	"Homovanillate"	"Chemistry"
"TR10235-0"	"Hydrochlorothiazide"	"Chemistry"
"TR10236-8"	"Hydroxyproline"	"Chemistry"
"TR10237-6"	"Hydroxyproline Free"	"Chemistry"
"TR10238-4"	"Ibuprofen"	"Chemistry"
"TR10239-2"	"Imipramine"	"Chemistry"
"TR10240-0"	"Immunoglobulin A"	"Chemistry"
"TR10241-8"	"Immunoglobulin D"	"Chemistry"
"TR10242-6"	"Immunoglobulin E"	"Chemistry"
"TR10243-4"	"Immunoglobulin G"	"Chemistry"
"TR10244-2"	"Immunoglobulin G Subclasses"	"Chemistry"
"TR10245-9"	"ImmunoglobulinG/Albumin Ratio"	"Chemistry"
"TR10246-7"	"Immunoglobulin M"	"Chemistry"
"TR10247-5"	"Immunoglobulin Kappa Light Chains"	"Chemistry"
"TR10248-3"	"Immunoglobulin Kappa Light Chains Free"	"Chemistry"
"TR10249-1"	"Immunoglobulin Lambda Light Chains"	"Chemistry"
"TR10250-9"	"Immunoglobulin Lambda Light Chains Free"	"Chemistry"
"TR10251-7"	"Indicans"	"Chemistry"
"TR10252-5"	"Insulin"	"Chemistry"
"TR10253-3"	"Insulin Post Glucose Challenge"	"Chemistry"
"TR10254-1"	"Insulin-like Growth Factor 1"	"Chemistry"
"TR10255-8"	"Fat Emulsion"	"Chemistry"
"TR10256-6"	"Inulin"	"Chemistry"
"TR10257-4"	"Inulin Renal Clearance"	"Chemistry"
"TR10258-2"	"Iodine Protein Bound"	"Chemistry"
"TR10259-0"	"Iron"	"Chemistry"
"TR10260-8"	"Iron Binding Capacity"	"Chemistry"
"TR10261-6"	"Isoniazid"	"Chemistry"
"TR10262-4"	"Isopropanol"	"Chemistry"
"TR10263-2"	"Ketamine"	"Chemistry"
"TR10264-0"	"L-Lactate"	"Chemistry"
"TR10265-7"	"Lactate Dehydrogenase"	"Chemistry"
"TR10266-5"	"Lactate Dehydrogenase Fractionation"	"Chemistry"
"TR10267-3"	"Lactose Tolerance"	"Chemistry"
"TR10268-1"	"Lamotrigine"	"Chemistry"
"TR10269-9"	"Lead"	"Chemistry"
"TR10270-7"	"Lethicin/Sphingomyelin Ratio"	"Chemistry"
"TR10271-5"	"Leucine Aminopeptidase"	"Chemistry"
"TR10272-3"	"Lidocaine"	"Chemistry"
"TR10273-1"	"Lipase"	"Chemistry"
"TR10274-9"	"Lipids"	"Chemistry"
"TR10275-6"	"Lipoprotein Little A"	"Chemistry"
"TR10276-4"	"Lipoprotein Fractionation"	"Chemistry"
"TR10277-2"	"Lipoprotein Lipase"	"Chemistry"
"TR10278-0"	"Lithium"	"Chemistry"
"TR10279-8"	"Lorazepam"	"Chemistry"
"TR10280-6"	"Cholesterol in LDL"	"Chemistry"
"TR10281-4"	"Loxapine"	"Chemistry"
"TR10282-2"	"Lutropin"	"Chemistry"
"TR10283-0"	"Magnesium"	"Chemistry"
"TR10284-8"	"Manganese"	"Chemistry"
"TR10285-5"	"Maprotiline"	"Chemistry"
"TR10286-3"	"Maternal Screen"	"Chemistry"
"TR10287-1"	"Melanin"	"Chemistry"
"TR10288-9"	"Meperidine"	"Chemistry"
"TR10289-7"	"Meprobamate"	"Chemistry"
"TR10290-5"	"Mercury"	"Chemistry"
"TR10291-3"	"Metabolic Screen"	"Chemistry"
"TR10292-1"	"Metanephrines"	"Chemistry"
"TR10293-9"	"Metanephrines Fractionated"	"Chemistry"
"TR10294-7"	"Methadone"	"Chemistry"
"TR10295-4"	"Methadone Metabolite"	"Chemistry"
"TR10296-2"	"Methanol"	"Chemistry"
"TR10297-0"	"Methaqualone"	"Chemistry"
"TR10298-8"	"Methemalbumin"	"Chemistry"
"TR10299-6"	"Methemoglobin"	"Chemistry"
"TR10300-2"	"Methotrexate"	"Chemistry"
"TR10301-0"	"Methotrimeprazine"	"Chemistry"
"TR10302-8"	"Methsuximide"	"Chemistry"
"TR10303-6"	"Methylenedioxy Amphetamine"	"Chemistry"
"TR10304-4"	"Methylenedioxy Methamphetamine"	"Chemistry"
"TR10305-1"	"Methylmalonate"	"Chemistry"
"TR10306-9"	"Methylphenidate"	"Chemistry"
"TR10307-7"	"Methyprylon"	"Chemistry"
"TR10308-5"	"Mexilitine"	"Chemistry"
"TR10309-3"	"Molybdenum"	"Chemistry"
"TR10310-1"	"Mucopolysaccharides"	"Chemistry"
"TR10311-9"	"Mycophenolate"	"Chemistry"
"TR10312-7"	"Myoglobin"	"Chemistry"
"TR10313-5"	"N-Acetylprocainamide"	"Chemistry"
"TR10314-3"	"Thyrotropin Neonatal"	"Chemistry"
"TR10315-0"	"Phenylalanine Neonatal"	"Chemistry"
"TR10316-8"	"Newborn Screen"	"Chemistry"
"TR10317-6"	"Nickel"	"Chemistry"
"TR10318-4"	"Nicotine"	"Chemistry"
"TR10319-2"	"Nitrazepam"	"Chemistry"
"TR10320-0"	"Nitrogen"	"Chemistry"
"TR10321-8"	"Nortriptyline"	"Chemistry"
"TR10322-6"	"Occult Blood"	"Chemistry"
"TR10323-4"	"Olanzapine"	"Chemistry"
"TR10324-2"	"Oligosaccharides"	"Chemistry"
"TR10325-9"	"Opiate Screen"	"Chemistry"
"TR10326-7"	"Organic Acids"	"Chemistry"
"TR10327-5"	"Ornithine Carbamoyl Transferase"	"Chemistry"
"TR10328-3"	"Orotate"	"Chemistry"
"TR10329-1"	"Osmolality"	"Chemistry"
"TR10330-9"	"Osteocalcin"	"Chemistry"
"TR10331-7"	"Oxalate"	"Chemistry"
"TR10332-5"	"Oxazepam"	"Chemistry"
"TR10333-3"	"Oxycodone"	"Chemistry"
"TR10334-1"	"Paraminohippurate Renal Clearance"	"Chemistry"
"TR10335-8"	"Palladium"	"Chemistry"
"TR10336-6"	"Parathyrin"	"Chemistry"
"TR10337-4"	"Paroxetine"	"Chemistry"
"TR10338-2"	"Pentobarbital"	"Chemistry"
"TR10339-0"	"Phencyclidine Screen"	"Chemistry"
"TR10340-8"	"Phenobarbital"	"Chemistry"
"TR10341-6"	"Phenosulphophthalein"	"Chemistry"
"TR10342-4"	"Phenothiazines"	"Chemistry"
"TR10343-2"	"Phenothiazines Screen"	"Chemistry"
"TR10344-0"	"Phenylalanine"	"Chemistry"
"TR10345-7"	"Phenylpropanolamine"	"Chemistry"
"TR10346-5"	"Phenytoin"	"Chemistry"
"TR10347-3"	"Phenytoin Free"	"Chemistry"
"TR10348-1"	"Phosphate"	"Chemistry"
"TR10349-9"	"Phospholipids"	"Chemistry"
"TR10350-7"	"Phytanate"	"Chemistry"
"TR10351-5"	"Plasma Clearing Factor"	"Chemistry"
"TR10352-3"	"Platinum"	"Chemistry"
"TR10353-1"	"Porphobilinogen"	"Chemistry"
"TR10354-9"	"Porphobilinogen Screen"	"Chemistry"
"TR10355-6"	"Porphobilinogen Deaminase"	"Chemistry"
"TR10356-4"	"Porphobilinogen Synthase"	"Chemistry"
"TR10357-2"	"Porphyrins"	"Chemistry"
"TR10358-0"	"Porphyrins Screen"	"Chemistry"
"TR10359-8"	"Potassium"	"Chemistry"
"TR10360-6"	"Prealbumin"	"Chemistry"
"TR10361-4"	"Pregnanediol"	"Chemistry"
"TR10362-2"	"Primidone"	"Chemistry"
"TR10363-0"	"Procainamide"	"Chemistry"
"TR10364-8"	"Prochloperazine"	"Chemistry"
"TR10365-5"	"Procyclidine"	"Chemistry"
"TR10366-3"	"Progesterone"	"Chemistry"
"TR10367-1"	"Proinsulin"	"Chemistry"
"TR10368-9"	"Prolactin"	"Chemistry"
"TR10369-7"	"Propafenone"	"Chemistry"
"TR10370-5"	"Propoxyphene"	"Chemistry"
"TR10371-3"	"Propranolol"	"Chemistry"
"TR10372-1"	"Prostatic Specific Antigen"	"Chemistry"
"TR10373-9"	"Prostatic Specific Antigen Free"	"Chemistry"
"TR10374-7"	"Protein"	"Chemistry"
"TR10375-4"	"Protein Analysis Bence Jones Protein"	"Chemistry"
"TR10376-2"	"Gammopathy Typing"	"Chemistry"
"TR10377-0"	"Protein Analysis Oligoclonal Banding"	"Chemistry"
"TR10378-8"	"Protein Fractionation"	"Chemistry"
"TR10379-6"	"Protriptyline"	"Chemistry"
"TR10380-4"	"Pyridoxine"	"Chemistry"
"TR10381-2"	"Pyruvate"	"Chemistry"
"TR10382-0"	"Pyruvate Kinase"	"Chemistry"
"TR10383-8"	"Quinidine"	"Chemistry"
"TR10384-6"	"Quinine"	"Chemistry"
"TR10385-3"	"Reducing Substances"	"Chemistry"
"TR10386-1"	"Renin"	"Chemistry"
"TR10387-9"	"Retinol"	"Chemistry"
"TR10388-7"	"Risperidone"	"Chemistry"
"TR10389-5"	"Salicylate"	"Chemistry"
"TR10390-3"	"Schillings Test"	"Chemistry"
"TR10391-1"	"Secobarbital"	"Chemistry"
"TR10392-9"	"Selenium"	"Chemistry"
"TR10393-7"	"Serotonin"	"Chemistry"
"TR10394-5"	"Sertraline"	"Chemistry"
"TR10395-2"	"Sex Hormone Binding Globulin"	"Chemistry"
"TR10396-0"	"Silver"	"Chemistry"
"TR10397-8"	"Sodium"	"Chemistry"
"TR10398-6"	"Somatotropin"	"Chemistry"
"TR10399-4"	"Somatotropin Post Glucose Tolerance"	"Chemistry"
"TR10400-0"	"Spironolactone"	"Chemistry"
"TR10401-8"	"Strontium"	"Chemistry"
"TR10402-6"	"Strychnine"	"Chemistry"
"TR10403-4"	"Sulfur"	"Chemistry"
"TR10404-2"	"Sulphemoglobin"	"Chemistry"
"TR10405-9"	"Sulphonamide"	"Chemistry"
"TR10406-7"	"Sulfonylurea"	"Chemistry"
"TR10407-5"	"Tacrolimus"	"Chemistry"
"TR10408-3"	"Tellurium"	"Chemistry"
"TR10409-1"	"Collagen Crosslinked N Telopeptide"	"Chemistry"
"TR10410-9"	"Temazepam"	"Chemistry"
"TR10411-7"	"Testosterone"	"Chemistry"
"TR10412-5"	"Testosterone Bioavailable"	"Chemistry"
"TR10413-3"	"Testosterone Free"	"Chemistry"
"TR10414-1"	"Thallium"	"Chemistry"
"TR10415-8"	"Theophylline"	"Chemistry"
"TR10416-6"	"Thiamine"	"Chemistry"
"TR10417-4"	"Thiocyanate"	"Chemistry"
"TR10418-2"	"Thiopental"	"Chemistry"
"TR10419-0"	"Thioridazine"	"Chemistry"
"TR10420-8"	"Thyroglobulin"	"Chemistry"
"TR10421-6"	"Thyrotropin"	"Chemistry"
"TR10422-4"	"Thyroxine"	"Chemistry"
"TR10423-2"	"Thyroxine Binding Globulin"	"Chemistry"
"TR10424-0"	"Thyroxine Free"	"Chemistry"
"TR10425-7"	"Tin"	"Chemistry"
"TR10426-5"	"Titanium"	"Chemistry"
"TR10427-3"	"Tobramycin Peak"	"Chemistry"
"TR10428-1"	"Tobramycin Random"	"Chemistry"
"TR10429-9"	"Tobramycin Trough"	"Chemistry"
"TR10430-7"	"Tocainide"	"Chemistry"
"TR10431-5"	"Tocopherol"	"Chemistry"
"TR10432-3"	"Tolbutamide"	"Chemistry"
"TR10433-1"	"Topiramate"	"Chemistry"
"TR10434-9"	"Transcobalamin"	"Chemistry"
"TR10435-6"	"Transferrin"	"Chemistry"
"TR10436-4"	"Trazodone"	"Chemistry"
"TR10437-2"	"Trifluorperazine"	"Chemistry"
"TR10438-0"	"Triglyceride"	"Chemistry"
"TR10439-8"	"Triiodothyronine"	"Chemistry"
"TR10440-6"	"Triiodothyronine Resin Uptake"	"Chemistry"
"TR10441-4"	"Triiodothyronine Free"	"Chemistry"
"TR10442-2"	"Triiodothyronine Reverse"	"Chemistry"
"TR10443-0"	"Trimeprazine"	"Chemistry"
"TR10444-8"	"Trimipramine"	"Chemistry"
"TR10445-5"	"Troponin I"	"Chemistry"
"TR10446-3"	"Troponin T"	"Chemistry"
"TR10447-1"	"Trypsin"	"Chemistry"
"TR10448-9"	"Trypsinogen"	"Chemistry"
"TR10449-7"	"Uranium"	"Chemistry"
"TR10450-5"	"Urate"	"Chemistry"
"TR10451-3"	"Urea"	"Chemistry"
"TR10452-1"	"Urea Clearance"	"Chemistry"
"TR10453-9"	"Urinalysis Chemical"	"Chemistry"
"TR10454-7"	"Urinalysis Microscopic"	"Chemistry"
"TR10455-4"	"Urobilin"	"Chemistry"
"TR10456-2"	"Urobilinogen"	"Chemistry"
"TR10457-0"	"Valproate"	"Chemistry"
"TR10458-8"	"Valproate Free"	"Chemistry"
"TR10459-6"	"Vanadium"	"Chemistry"
"TR10460-4"	"Vancomycin Peak"	"Chemistry"
"TR10461-2"	"Vancomycin Random"	"Chemistry"
"TR10462-0"	"Vancomycin Trough"	"Chemistry"
"TR10463-8"	"Vanillylmandelate"	"Chemistry"
"TR10464-6"	"Venlafaxine"	"Chemistry"
"TR10465-3"	"Viscosity"	"Chemistry"
"TR10466-1"	"Warfarin"	"Chemistry"
"TR10467-9"	"Xylose Absorption Test"	"Chemistry"
"TR10468-7"	"Zinc"	"Chemistry"
"TR10469-5"	"Zinc Protoporphyrin"	"Chemistry"
"TR10470-3"	"Blood Group Antibody Identification"	"Blood Bank"
"TR10471-1"	"Blood Group Antibody Screening"	"Blood Bank"
"TR10472-9"	"Blood Group Phenotype"	"Blood Bank"
"TR10473-7"	"Blood Group Prenatal Antibody Titration"	"Blood Bank"
"TR10474-5"	"Bone Marrow Aspirate"	"Hematology"
"TR10475-2"	"Bone Marrow Biopsy"	"Hematology"
"TR10476-0"	"Cell Count"	"Hematology"
"TR10477-8"	"Complete Blood Count"	"Hematology"
"TR10478-6"	"Erythrocyte Count"	"Hematology"
"TR10479-4"	"WBC Manual Differential"	"Hematology"
"TR10480-2"	"Hematocrit"	"Hematology"
"TR10481-0"	"Hemoglobin"	"Hematology"
"TR10482-8"	"Leukocyte Count"	"Hematology"
"TR10483-6"	"MCH"	"Hematology"
"TR10484-4"	"MCHC"	"Hematology"
"TR10485-1"	"MCV"	"Hematology"
"TR10486-9"	"Platelet Count"	"Hematology"
"TR10487-7"	"WBC Differential"	"Hematology"
"TR10488-5"	"Crystals"	"Hematology"
"TR10489-3"	"Direct Anti Globulin test"	"Blood Bank"
"TR10490-1"	"Donath Landsteiner Antibody"	"Blood Bank"
"TR10491-9"	"Lymphotyping"	"Hematology"
"TR10492-7"	"Natural Killer Cells"	"Hematology"
"TR10493-5"	"Eosinophil Count"	"Hematology"
"TR10494-3"	"Erythrocyte Sedimentation Rate"	"Hematology"
"TR10495-0"	"Fetal Blood"	"Hematology"
"TR10496-8"	"Fetal Cell Screen"	"Hematology"
"TR10497-6"	"Fluid Analysis"	"Hematology"
"TR10498-4"	"Glucose 6-Phosphate Dehydrogenase"	"Hematology"
"TR10499-2"	"Glucose 6-Phosphate Dehydrogenase Screen"	"Hematology"
"TR10500-7"	"Ham's Test"	"Hematology"
"TR10501-5"	"Heinz Bodies"	"Hematology"
"TR10502-3"	"Hemoglobin A2"	"Hematology"
"TR10503-1"	"Hemoglobin Fractionation"	"Hematology"
"TR10504-9"	"Hemoglobin Fetal"	"Hematology"
"TR10505-6"	"Hemoglobin Plasma"	"Hematology"
"TR10506-4"	"Hemosiderin"	"Hematology"
"TR10507-2"	"Leukocyte Alkaline Phosphatase"	"Hematology"
"TR10508-0"	"Lupus Erythematosus Screen"	"Hematology"
"TR10509-8"	"Plasmodium Screen"	"Hematology"
"TR10510-6"	"Microfilaria Parasites Blood Smear"	"Hematology"
"TR10511-4"	"Osmotic Fragility"	"Hematology"
"TR10512-2"	"Reticulocyte Count"	"Hematology"
"TR10513-0"	"Sickle Cell Screen"	"Hematology"
"TR10514-8"	"Eosinophils"	"Hematology"
"TR10515-5"	"Sucrose Hemolysis"	"Hematology"
"TR10516-3"	"Tartrate Resistant Acid Phosphatase Stain"	"Hematology"
"TR10517-1"	"Unstable Hemoglobins"	"Hematology"
"TR10518-9"	"Activated Protein C Resistance"	"Hematology"
"TR10519-7"	"Plasmin Inhibitor"	"Hematology"
"TR10520-5"	"Antithrombin III"	"Hematology"
"TR10521-3"	"AutoHemolysis"	"Hematology"
"TR10522-1"	"Bleeding Time"	"Hematology"
"TR10523-9"	"Capillary Fragility"	"Hematology"
"TR10524-7"	"Cardiolipin Antibodies"	"Hematology"
"TR10525-4"	"Cardiolipin Antibodies IgA"	"Hematology"
"TR10526-2"	"Cardiolipin Antibodies IgG"	"Hematology"
"TR10527-0"	"Cardiolipin Antibodies IgM"	"Hematology"
"TR10528-8"	"Clot Lysis"	"Hematology"
"TR10529-6"	"Clot Retraction"	"Hematology"
"TR10530-4"	"Clotting Time"	"Hematology"
"TR10531-2"	"Coagulation Factor II Inhibitor"	"Hematology"
"TR10532-0"	"Coagulation Factor IX Inhibitor"	"Hematology"
"TR10533-8"	"Coagulation Factor V Inhibitor"	"Hematology"
"TR10534-6"	"Coagulation Factor VIII Inhibitor"	"Hematology"
"TR10535-3"	"Coagulation Factor X Inhibitor"	"Hematology"
"TR10536-1"	"Coagulation Reptilase Induced Time"	"Hematology"
"TR10537-9"	"Coagulation Surface Induced"	"Hematology"
"TR10538-7"	"Coagulation Surface Induced Factor Substitution Immediately after additional Of Normal Plasma"	"Hematology"
"TR10539-5"	"Coagulation Thrombin Induced"	"Hematology"
"TR10540-3"	"Coagulation Tissue Factor Induced/ INR"	"Hematology"
"TR10541-1"	"Fibrin D-Dimer"	"Hematology"
"TR10542-9"	"Euglobulin Lysis"	"Hematology"
"TR10543-7"	"Coagulation Factor II"	"Hematology"
"TR10544-5"	"Coagulation Factor IX"	"Hematology"
"TR10545-2"	"Coagulation Factor V"	"Hematology"
"TR10546-0"	"Coagulation Factor VII"	"Hematology"
"TR10547-8"	"Coagulation Factor VIII"	"Hematology"
"TR10548-6"	"Coagulation Factor X"	"Hematology"
"TR10549-4"	"Coagulation Factor XI"	"Hematology"
"TR10550-2"	"Coagulation Factor XII"	"Hematology"
"TR10551-0"	"Coagulation Factor XIII Quantitative"	"Hematology"
"TR10552-8"	"Coagulation Factor XIII Screen"	"Hematology"
"TR10553-6"	"Fibrin Degradation Products"	"Hematology"
"TR10554-4"	"Fibrin Degradation Products Screen"	"Hematology"
"TR10555-1"	"Fibrin Monomer"	"Hematology"
"TR10556-9"	"Fibrinogen"	"Hematology"
"TR10557-7"	"Fibrinogen Qualitative"	"Hematology"
"TR10558-5"	"Fibrinolysis"	"Hematology"
"TR10559-3"	"Fletcher Factor"	"Hematology"
"TR10560-1"	"Heparin Anti XA"	"Hematology"
"TR10561-9"	"Heparin CoFactor II"	"Hematology"
"TR10562-7"	"Platelet Antibody Heparin Induced"	"Hematology"
"TR10563-5"	"Coagulation Kaolin Induced"	"Hematology"
"TR10564-3"	"Kininogen High Molecular Weight"	"Hematology"
"TR10565-0"	"Lupus AntiCoagulant"	"Hematology"
"TR10566-8"	"Lupus AntiCoagulant Neutralization Hexagonal Phospholipid"	"Hematology"
"TR10567-6"	"Lupus AntiCoagulant Neutralization Platelet"	"Hematology"
"TR10568-4"	"Phospholipid Antibodies"	"Hematology"
"TR10569-2"	"Phospholipid Antibodies IgA"	"Hematology"
"TR10570-0"	"Phospholipid Antibodies IgG"	"Hematology"
"TR10571-8"	"Phospholipid Antibodies IgM"	"Hematology"
"TR10572-6"	"Plasmin"	"Hematology"
"TR10573-4"	"Plasminogen"	"Hematology"
"TR10574-2"	"Plasminogen Activator Inhibitor 1"	"Hematology"
"TR10575-9"	"Platelet Adhesiveness"	"Hematology"
"TR10576-7"	"Platelet Aggregation"	"Hematology"
"TR10577-5"	"Platelet Antibody Screen"	"Hematology"
"TR10578-3"	"Platelet Factor 3"	"Hematology"
"TR10579-1"	"Protein C Activity"	"Hematology"
"TR10580-9"	"Protein C Antigen"	"Hematology"
"TR10581-7"	"Protein Induced In Vitamin K Absence"	"Hematology"
"TR10582-5"	"Protein S Free"	"Hematology"
"TR10583-3"	"Protein S Functional"	"Hematology"
"TR10584-1"	"Protein S Total"	"Hematology"
"TR10585-8"	"Prothrombin Consumption"	"Hematology"
"TR10586-6"	"Coagulation Russell Viper Venom Induced"	"Hematology"
"TR10587-4"	"Thromboplastin Generation Time"	"Hematology"
"TR10588-2"	"Tissue Plasminogen Activator Antigen"	"Hematology"
"TR10589-0"	"Vitamin B12 (microbiologic)"	"Hematology"
"TR10590-8"	"Von Willebrand Antigen"	"Hematology"
"TR10591-6"	"Von Willebrand Factor Multimers"	"Hematology"
"TR10592-4"	"Von Willebrand Factor Ristocetin"	"Hematology"
"TR10593-2"	"Von Willebrand Factor Screen"	"Hematology"
"TR10594-0"	"B Cells"	"Hematology"
"TR10595-7"	"CD 19"	"Hematology"
"TR10596-5"	"CD 4"	"Hematology"
"TR10597-3"	"CD 8"	"Hematology"
"TR10598-1"	"CD4/CD8 Ratio"	"Hematology"
"TR10599-9"	"Fetal Hemoglobin by Flow Cytometry"	"Hematology"
"TR10600-5"	"Flow Cytometry for Acute Leukemia"	"Hematology"
"TR10601-3"	"HLA B27"	"Hematology"
"TR10602-1"	"Lymphoma Protocol"	"Hematology"
"TR10603-9"	"Alpha 1-Antitrypsin"	"Immunology"
"TR10604-7"	"Alpha 1-Antitrypsin Phenotype"	"Immunology"
"TR10605-4"	"Cold Agglutinins"	"Blood Bank"
"TR10606-2"	"Cold Agglutinins Screen"	"Blood Bank"
"TR10607-0"	"Complement C1 Esterase Inhibitor"	"Immunology"
"TR10608-8"	"Complement C1q"	"Immunology"
"TR10609-6"	"Complement C2"	"Immunology"
"TR10610-4"	"Complement C3"	"Immunology"
"TR10611-2"	"Complement C4"	"Immunology"
"TR10612-0"	"Complement C5"	"Immunology"
"TR10613-8"	"Complement C6"	"Immunology"
"TR10614-6"	"Complement C7"	"Immunology"
"TR10615-3"	"Complement C8"	"Immunology"
"TR10616-1"	"Complement C9"	"Immunology"
"TR10617-9"	"Complement Total CH 50"	"Immunology"
"TR10618-7"	"Complement Total CH 100"	"Immunology"
"TR10619-5"	"C Reactive Protein"	"Immunology"
"TR10620-3"	"C Reactive Protein High Sensitivity"	"Immunology"
"TR10621-1"	"Acetylcholine Receptor Antibody"	"Immunology"
"TR10622-9"	"Cryoglobulins"	"Immunology"
"TR10623-7"	"Adrenal Antibodies"	"Immunology"
"TR10624-5"	"Cryoglobulin Characterization"	"Immunology"
"TR10625-2"	"Cryoglobulins Screen"	"Immunology"
"TR10626-0"	"GM 2 Antibodies"	"Immunology"
"TR10627-8"	"GT1b Antibodies"	"Immunology"
"TR10628-6"	"Asialoganglioside GM1 Antibodies"	"Immunology"
"TR10629-4"	"Ganglioside GD1a Antibodies"	"Immunology"
"TR10630-2"	"Ganglioside GD1b Antibodies"	"Immunology"
"TR10631-0"	"Ganglioside GQ1a Antibodies"	"Immunology"
"TR10632-8"	"GM 1 Antibodies"	"Immunology"
"TR10633-6"	"Beta 2-Glycoprotein Antibodies"	"Immunology"
"TR10634-4"	"Cardiac Muscle Antibodies"	"Immunology"
"TR10635-1"	"Centromere Antibodies"	"Immunology"
"TR10636-9"	"DNA ds Antibodies"	"Immunology"
"TR10637-7"	"DNA ss Antibodies"	"Immunology"
"TR10638-5"	"Endomysium Antibodies"	"Immunology"
"TR10639-3"	"Extractable Nuclear Antibodies Screen"	"Immunology"
"TR10640-1"	"Gliadin Antibodies"	"Immunology"
"TR10641-9"	"Glomerular Basement Membrane Antibodies"	"Immunology"
"TR10642-7"	"Glutamate Decarboxylase Antibodies"	"Immunology"
"TR10643-5"	"Histone Antibodies"	"Immunology"
"TR10644-3"	"Insulin Antibodies"	"Immunology"
"TR10645-0"	"Intrinsic Factor Antibodies"	"Immunology"
"TR10646-8"	"Jo-1 Extractable Nuclear Antibodies"	"Immunology"
"TR10647-6"	"Liver Kidney Microsomal Antibodies"	"Immunology"
"TR10648-4"	"Mitochondrial Antibodies"	"Immunology"
"TR10649-2"	"Myelin Associated Glycoprotein Antibodies"	"Immunology"
"TR10650-0"	"Neuronal Nuclear Antibodies"	"Immunology"
"TR10651-8"	"Neuronal Nuclear Type 1 Antibodies"	"Immunology"
"TR10652-6"	"Neuronal Nuclear Type 2 Antibodies"	"Immunology"
"TR10653-4"	"Neutrophil Cytoplasmic Antibodies"	"Immunology"
"TR10654-2"	"Nuclear Antibodies"	"Immunology"
"TR10655-9"	"Ovary Antibodies"	"Immunology"
"TR10656-7"	"Pancreatic Islet Cell Antibodies"	"Immunology"
"TR10657-5"	"Parietal Cell Antibodies"	"Immunology"
"TR10658-3"	"Parotid Antibodies"	"Immunology"
"TR10659-1"	"Proliferating Cell Nuclear Antibodies"	"Immunology"
"TR10660-9"	"Purkinje Cell Antibodies"	"Immunology"
"TR10661-7"	"Reticulin Antibodies"	"Immunology"
"TR10662-5"	"Rheumatoid Factor"	"Immunology"
"TR10663-3"	"Ribosomal P Antibodies"	"Immunology"
"TR10664-1"	"RNA Antibodies"	"Immunology"
"TR10665-8"	"RNP Extractable Nuclear Antibodies"	"Immunology"
"TR10666-6"	"Scl-70 Antibodies"	"Immunology"
"TR10667-4"	"Skin-Pemphigoid Antibodies"	"Immunology"
"TR10668-2"	"Skin-Pemphigus Antibodies"	"Immunology"
"TR10669-0"	"Smith Antibodies"	"Immunology"
"TR10670-8"	"Smooth Muscle Antibodies"	"Immunology"
"TR10671-6"	"SSA Extractable Nuclear Antibodies"	"Immunology"
"TR10672-4"	"SSB Extractable Nuclear Antibodies"	"Immunology"
"TR10673-2"	"Striated Muscle Antibodies"	"Immunology"
"TR10674-0"	"Sulphatide Antibodies"	"Immunology"
"TR10675-7"	"Sperm Antibodies"	"Immunology"
"TR10676-5"	"Thyroglobulin Antibodies"	"Immunology"
"TR10677-3"	"Thyroid Microsomal Antibodies"	"Immunology"
"TR10678-1"	"Thyroid receptor Antibodies"	"Immunology"
"TR10679-9"	"Tissue Transglutaminase IgA Antibodies"	"Immunology"
"TR10680-7"	"Tissue Transglutaminase IgG Antibodies"	"Immunology"
"TR10681-5"	"Tryptase"	"Immunology"
"TR10682-3"	"Tryptase Beta"	"Immunology"
"TR10683-1"	"Acanthamoeba Detection"	"Microbiology"
"TR10684-9"	"Actinomyces Detection"	"Microbiology"
"TR10685-6"	"Amoebic Detection"	"Microbiology"
"TR10686-4"	"Bacterial Vaginosis"	"Microbiology"
"TR10687-2"	"Bordetella Pertussis Detection"	"Microbiology"
"TR10688-0"	"Chlamydia Pneumonia Detection"	"Microbiology"
"TR10689-8"	"Chlamydia Trachomatis Culture"	"Microbiology"
"TR10690-6"	"Chlamydia Trachomatis Detection"	"Microbiology"
"TR10691-4"	"Clostridium Difficile Toxin"	"Microbiology"
"TR10692-2"	"Corynebacterium Diptheria Detection"	"Microbiology"
"TR10693-0"	"Cryptosporidia"	"Microbiology"
"TR10694-8"	"Culture"	"Microbiology"
"TR10695-5"	"Antibiotic Sensitivity"	"Microbiology"
"TR10696-3"	"Culture Anaerobic"	"Microbiology"
"TR10697-1"	"Egg Count Kato"	"Microbiology"
"TR10698-9"	"Extended Spectrum Beta Lactamase Screen"	"Microbiology"
"TR10699-7"	"Fungal Culture"	"Microbiology"
"TR10700-3"	"Fungal Microscopy"	"Microbiology"
"TR10701-1"	"Fungal Identification"	"Microbiology"
"TR10702-9"	"Fungal Susceptability"	"Microbiology"
"TR10703-7"	"Streptococcus Agalactiae Screen"	"Microbiology"
"TR10704-5"	"Haemophyllus Ducreyi"	"Microbiology"
"TR10705-2"	"Herpes Detection"	"Microbiology"
"TR10706-0"	"Herpes Detection by Electron Microscopy"	"Microbiology"
"TR10707-8"	"Human Papilloma Virus Detection"	"Microbiology"
"TR10708-6"	"Legionella Detection"	"Microbiology"
"TR10709-4"	"Leishmania Detection"	"Microbiology"
"TR10710-2"	"Methicillin Resistant Staphylococcus Aureus Screen"	"Microbiology"
"TR10711-0"	"Mycobacteria Tuberculosis Detection"	"Microbiology"
"TR10712-8"	"Mycoplasma Detection"	"Microbiology"
"TR10713-6"	"Neisseria Gonorrhoeae Culture"	"Microbiology"
"TR10714-4"	"Neisseria Gonorrhoeae Detection"	"Microbiology"
"TR10715-1"	"Nocardia Culture"	"Microbiology"
"TR10716-9"	"Onchocerca Detection"	"Microbiology"
"TR10717-7"	"Ova and Parasites Identification"	"Microbiology"
"TR10718-5"	"Pinworm Preparation"	"Microbiology"
"TR10719-3"	"Pneumocystis Detection"	"Microbiology"
"TR10720-1"	"SARS Coronavirus Detection"	"Microbiology"
"TR10721-9"	"Schistosoma Viability"	"Microbiology"
"TR10722-7"	"Strongyloides Detection"	"Microbiology"
"TR10723-5"	"Treponema Pallidium Detection"	"Microbiology"
"TR10724-3"	"Trichomonas Detection"	"Microbiology"
"TR10725-0"	"Vancomycin Resistant Enterococcus Screen"	"Microbiology"
"TR10726-8"	"Viral Detection"	"Microbiology"
"TR10727-6"	"Viral Detection by Culture"	"Microbiology"
"TR10728-4"	"Viral Detection by Electron Microscopy"	"Microbiology"
"TR10729-2"	"Viral Detection by Non Culture Method"	"Microbiology"
"TR10730-0"	"Worm Identification"	"Microbiology"
"TR10731-8"	"Yeast Detection"	"Microbiology"
"TR10732-6"	"Yeast Susceptability"	"Microbiology"
"TR10733-4"	"Arthropod Identification"	"Microbiology"
"TR10734-2"	"Salmonella Serotyping"	"Microbiology"
"TR10735-9"	"Shigella Serotyping"	"Microbiology"
"TR10736-7"	"Escherichia Coli O157 Serotyping"	"Microbiology"
"TR10737-5"	"Identification"	"Microbiology"
"TR10738-3"	"Autopsy Pathology"	"Pathology"
"TR10739-1"	"Cancer Cytogenetics"	"Pathology"
"TR10740-9"	"Cytogenetics"	"Pathology"
"TR10741-7"	"Cytology Non-Cervico/Vaginal"	"Pathology"
"TR10742-5"	"Cytology Non-Gynecological Fine Needle Aspiration Biopsy"	"Pathology"
"TR10743-3"	"Papanicolaou Smear Conventional"	"Pathology"
"TR10744-1"	"Papanicolaou Smear Liquid Based"	"Pathology"
"TR10745-8"	"Molecular Pathology"	"Pathology"
"TR10746-6"	"Semen Analysis Complete"	"Pathology"
"TR10747-4"	"Semen Analysis Post-vasectomy"	"Pathology"
"TR10748-2"	"Surgical Pathology"	"Pathology"
"TR10749-0"	"Electron Microscopy"	"Pathology"
"TR10750-8"	"Amoebic Antibody Acute"	"Serology"
"TR10751-6"	"Amoebic Antibody Convalescent"	"Serology"
"TR10752-4"	"Angiostrongyliasis Antibody"	"Serology"
"TR10753-2"	"Ascaris Antibody Acute"	"Serology"
"TR10754-0"	"Ascaris Antibody Convalescent"	"Serology"
"TR10755-7"	"Aspergillus Antibody"	"Serology"
"TR10756-5"	"Actinomyces Antibody"	"Serology"
"TR10757-3"	"Babesia Antibody Acute"	"Serology"
"TR10758-1"	"Babesia Antibody Convalescent"	"Serology"
"TR10759-9"	"Bartonella Antibody Acute"	"Serology"
"TR10760-7"	"Bartonella Antibody Convalescent"	"Serology"
"TR10761-5"	"Blastomyces Antibody Acute"	"Serology"
"TR10762-3"	"Blastomyces Antibody Convalescent"	"Serology"
"TR10763-1"	"Bordetella Pertussis Antibody Acute"	"Serology"
"TR10764-9"	"Bordetella Pertussis Antibody Convalescent"	"Serology"
"TR10765-6"	"Borelia Recurrentis Acute"	"Serology"
"TR10766-4"	"Borelia Recurrentis Convalescent"	"Serology"
"TR10767-2"	"Borrelia Burgdorferi Antibody Acute"	"Serology"
"TR10768-0"	"Borrelia Burgdorferi Antibody Convalescent"	"Serology"
"TR10769-8"	"Brucella Antibody Acute"	"Serology"
"TR10770-6"	"Brucella Antibody Convalescent"	"Serology"
"TR10771-4"	"Campylobacter Antibody Acute"	"Serology"
"TR10772-2"	"Campylobacter Antibody Convalescent"	"Serology"
"TR10773-0"	"Chlamydophila Psittaci Antibody IgG"	"Serology"
"TR10774-8"	"Chlamydophila Psittaci Antibody IgM"	"Serology"
"TR10775-5"	"Chlamydophila Psittaci Antibody Acute"	"Serology"
"TR10776-3"	"Chlamydophila Psittaci Antibody Convalescent"	"Serology"
"TR10777-1"	"Clostridium Botulinum Toxin"	"Serology"
"TR10778-9"	"Clostridium Tetani Antibody Acute"	"Serology"
"TR10779-7"	"Clostridium Tetani Antibody Convalescent"	"Serology"
"TR10780-5"	"Coccidiodomycosis Antibody Acute"	"Serology"
"TR10781-3"	"Coccidiodomycosis Antibody Convalescent"	"Serology"
"TR10782-1"	"Colorado Tick Fever Antibody Acute"	"Serology"
"TR10783-9"	"Colorado Tick Fever Antibody Convalescent"	"Serology"
"TR10784-7"	"Coxiella Burnetii Antibody Acute"	"Serology"
"TR10785-4"	"Coxiella Burnetii Antibody Convalescent"	"Serology"
"TR10786-2"	"Coxiella Burnetii Antibody IgG"	"Serology"
"TR10787-0"	"Coxiella Burnetii Antibody IgM"	"Serology"
"TR10788-8"	"Coxsackievirus Antibody Acute"	"Serology"
"TR10789-6"	"Coxsackievirus Antibody Convalescent"	"Serology"
"TR10790-4"	"Creutzfeld-Jakob Disease"	"Serology"
"TR10791-2"	"Cryptococcus Antigen Acute"	"Serology"
"TR10792-0"	"Cryptococcus Antigen Convalescent"	"Serology"
"TR10793-8"	"Cysticercosis Antibody"	"Serology"
"TR10794-6"	"Cytomegalovirus Antibody IgG"	"Serology"
"TR10795-3"	"Cytomegalovirus Antibody IgM"	"Serology"
"TR10796-1"	"Cytomegalovirus Antigen"	"Serology"
"TR10797-9"	"Dengue Antibody Acute"	"Serology"
"TR10798-7"	"Dengue Antibody Convalescent"	"Serology"
"TR10799-5"	"Corynebacterim Diptheria Toxin Antibody"	"Serology"
"TR10800-1"	"Eastern Equine Encephalitis Virus Antibody Acute"	"Serology"
"TR10801-9"	"Eastern Equine Encephalitis Virus Antibody Convalescent"	"Serology"
"TR10802-7"	"Echinococcus Antibody Acute"	"Serology"
"TR10803-5"	"Echinococcus Antibody Convalescent"	"Serology"
"TR10804-3"	"Ehrlichia Antibody Acute"	"Serology"
"TR10805-0"	"Ehrlichia Antibody Convalescent"	"Serology"
"TR10806-8"	"Epstein Barr Virus Antibody IgM"	"Serology"
"TR10807-6"	"Epstein Barr Virus Serology"	"Serology"
"TR10808-4"	"Filaria Antibody"	"Serology"
"TR10809-2"	"Francisella Tularensis Antibody Acute"	"Serology"
"TR10810-0"	"Francisella Tularensis Antibody Convalescent"	"Serology"
"TR10811-8"	"Gnathostomiasis"	"Serology"
"TR10812-6"	"Haemorrhagic Fever Serology"	"Serology"
"TR10813-4"	"Hantavirus Antibody"	"Serology"
"TR10814-2"	"Helicobacter Pylori Antibody"	"Serology"
"TR10815-9"	"Hepatitis A Antibody IgG"	"Serology"
"TR10816-7"	"Hepatitis A Antibody IgM"	"Serology"
"TR10817-5"	"Hepatitis B Genotype"	"Serology"
"TR10818-3"	"Hepatitis B Virus Surface Antigen Prenatal Screen"	"Serology"
"TR10819-1"	"Hepatitis B Virus Total Core Antibody"	"Serology"
"TR10820-9"	"Hepatitis B Virus Core Antibody IgM"	"Serology"
"TR10821-7"	"Hepatitis B Virus DNA"	"Serology"
"TR10822-5"	"Hepatitis B Virus little e Antibody"	"Serology"
"TR10823-3"	"Hepatitis B Virus little e Antigen"	"Serology"
"TR10824-1"	"Hepatitis B Virus Surface Antibody"	"Serology"
"TR10825-8"	"Hepatitis B Virus Surface Antigen"	"Serology"
"TR10826-6"	"Hepatitis C Genotyping"	"Serology"
"TR10827-4"	"Hepatitis C Virus Antibody"	"Serology"
"TR10828-2"	"Hepatitis C Virus RNA Qualitative"	"Serology"
"TR10829-0"	"Hepatitis C Virus RNA Quantitative"	"Serology"
"TR10830-8"	"Hepatitis D Virus Antibody"	"Serology"
"TR10831-6"	"Hepatitis E Virus Antibody"	"Serology"
"TR10832-4"	"Herpes Simplex Virus Antibody IgG"	"Serology"
"TR10833-2"	"Herpes Simplex Virus Antibody IgM"	"Serology"
"TR10834-0"	"Herpes Virus 6 Antibody"	"Serology"
"TR10835-7"	"Herpes Virus 7 Antibody"	"Serology"
"TR10836-5"	"Heterophile Antibody"	"Serology"
"TR10837-3"	"Histoplasma Antibody Acute"	"Serology"
"TR10838-1"	"Histoplasma Antibody Convalescent"	"Serology"
"TR10839-9"	"HIV 1 & 2 Antibody Confirmation"	"Serology"
"TR10840-7"	"HIV 1 & 2 Antibody Screen"	"Serology"
"TR10841-5"	"HIV 1 & 2 Antibody Screen Occupational Exposure"	"Serology"
"TR10842-3"	"HIV 1 & 2 Antibody Screen Prenatal Screen"	"Serology"
"TR10843-1"	"HIV 1 RNA Qualitative"	"Serology"
"TR10844-9"	"HIV 1 RNA Quantitative"	"Serology"
"TR10845-6"	"HIV Genotyping"	"Serology"
"TR10846-4"	"HIV P24 Antigen"	"Serology"
"TR10847-2"	"HTLV 1 & 2 Antibody"	"Serology"
"TR10848-0"	"Influenza Virus A & B Antibody Acute"	"Serology"
"TR10849-8"	"Influenza Virus A & B Antibody Convalescent"	"Serology"
"TR10850-6"	"Japanese B Encephalitis Antibody Acute"	"Serology"
"TR10851-4"	"Japanese B Encephalitis Antibody Convalescent"	"Serology"
"TR10852-2"	"La Crosse Virus Antibody"	"Serology"
"TR10853-0"	"Legionella Antibody"	"Serology"
"TR10854-8"	"Legionella Antigen"	"Serology"
"TR10855-5"	"Leishmania Antibody Acute"	"Serology"
"TR10856-3"	"Leishmania Antibody Convalescent"	"Serology"
"TR10857-1"	"Leptospira Antibody"	"Serology"
"TR10858-9"	"Lymphocytic Choriomeningitis Virus Antibody"	"Serology"
"TR10859-7"	"Plasmodium Falciparum Antibody"	"Serology"
"TR10860-5"	"Measles Virus Antibody IgG"	"Serology"
"TR10861-3"	"Measles Virus Antibody IgM"	"Serology"
"TR10862-1"	"Mumps Virus Antibody IgG"	"Serology"
"TR10863-9"	"Mumps Virus Antibody IgM"	"Serology"
"TR10864-7"	"Mycoplasma Pneumonia Antibody IgG IgM"	"Serology"
"TR10865-4"	"Onikungunya Virus Serology"	"Serology"
"TR10866-2"	"Paracoccidioides Antibody"	"Serology"
"TR10867-0"	"Paragonimus Antibody"	"Serology"
"TR10868-8"	"Parvovirus B19 Antibody IgG"	"Serology"
"TR10869-6"	"Parvovirus B19 Antibody IgM"	"Serology"
"TR10870-4"	"Pneumonia Viral"	"Serology"
"TR10871-2"	"Poliovirus Antibody"	"Serology"
"TR10872-0"	"Powassan Virus Antibody Acute"	"Serology"
"TR10873-8"	"Powassan Virus Antibody Convalescent"	"Serology"
"TR10874-6"	"Prenatal Screen"	"Serology"
"TR10875-3"	"Rabies Virus Antibody"	"Serology"
"TR10876-1"	"Red Rashes Screen"	"Serology"
"TR10877-9"	"Rickettsia Antibody Acute"	"Serology"
"TR10878-7"	"Rickettsia Antibody Convalescent"	"Serology"
"TR10879-5"	"Rubella Virus Antibody IgG"	"Serology"
"TR10880-3"	"Rubella Virus Antibody IgG Prenatal Screen"	"Serology"
"TR10881-1"	"Rubella Virus Antibody IgM"	"Serology"
"TR10882-9"	"Sars Coronavirus IgG"	"Serology"
"TR10883-7"	"Sars Coronavirus IgM"	"Serology"
"TR10884-5"	"Schistosoma Antibody"	"Serology"
"TR10885-2"	"Simian Herpes B Serology"	"Serology"
"TR10886-0"	"St Louis Encephalitis Virus Antibody Acute"	"Serology"
"TR10887-8"	"St Louis Encephalitis Virus Antibody Convalescent"	"Serology"
"TR10888-6"	"Streptolysin O Antibody Screen"	"Serology"
"TR10889-4"	"Strongyloides Antibody"	"Serology"
"TR10890-2"	"Subacute Sclerosing Panencephalitis Acute"	"Serology"
"TR10891-0"	"Subacute Sclerosing Panencephalitis Convalescent"	"Serology"
"TR10892-8"	"Treponema Pallidum FTA Antibody"	"Serology"
"TR10893-6"	"Treponema Pallidum MHA Antibody"	"Serology"
"TR10894-4"	"Reagin Antibody Screen"	"Serology"
"TR10895-1"	"Reagin Antibody Prenatal Screen"	"Serology"
"TR10896-9"	"Taenia Antibody"	"Serology"
"TR10897-7"	"Toxocara Antibody Acute"	"Serology"
"TR10898-5"	"Toxocara Antibody Convalescent"	"Serology"
"TR10899-3"	"Toxoplasma Antibody Acute"	"Serology"
"TR10900-9"	"Toxoplasma Antibody Convalescent"	"Serology"
"TR10901-7"	"Trichinella Antibody"	"Serology"
"TR10902-5"	"Trypanosoma Antibody"	"Serology"
"TR10903-3"	"Vaccinia Virus Antibody"	"Serology"
"TR10904-1"	"Varicella Zoster Virus IgG Antibody"	"Serology"
"TR10905-8"	"Varicella Zoster Virus IgM Antibody"	"Serology"
"TR10906-6"	"West Nile Virus IgG Antibody"	"Serology"
"TR10907-4"	"West Nile Virus IgM Antibody"	"Serology"
"TR10908-2"	"Western Equine Encephalitis Virus Antibody Acute"	"Serology"
"TR10909-0"	"Western Equine Encephalitis Virus Antibody Convalescent"	"Serology"
"TR10910-8"	"Yersinia Pestis Antibody"	"Serology"
"TR10911-6"	"Yersinia Species Virus Antibody"	"Serology"
"TR10912-4"	"Dengue Antibody Immune Status"	"Serology"
"TR10913-2"	"TORCH"	"Serology"
"TR10914-0"	"Penicilloyl G"	"Allergens"
"TR10915-7"	"Penicilloyl V"	"Allergens"
"TR10916-5"	"Ampicilloyl"	"Allergens"
"TR10917-3"	"Amoxicilloyl"	"Allergens"
"TR10918-1"	"Cefaclor"	"Allergens"
"TR10919-9"	"Insulin, porcine"	"Allergens"
"TR10920-7"	"Insulin, bovine"	"Allergens"
"TR10921-5"	"Insulin, human"	"Allergens"
"TR10922-3"	"Gelatin"	"Allergens"
"TR10923-1"	"Dermatophagoides pteronyssinus House dust mite"	"Allergens"
"TR10924-9"	"Dermatophagoides farinae House dust mite"	"Allergens"
"TR10925-6"	"Blomia tropicalis"	"Allergens"
"TR10926-4"	"Dermatophagoides microceras House dust mite"	"Allergens"
"TR10927-2"	"Acarus siro"	"Allergens"
"TR10928-0"	"Lepidoglyphus destructor Storage mite"	"Allergens"
"TR10929-8"	"Tyrophagus putrescentiae"	"Allergens"
"TR10930-6"	"Glycyphagus domesticus Storage mite"	"Allergens"
"TR10931-4"	"Euroglyphus maynei House dust mite"	"Allergens"
"TR10932-2"	"Cat epithelium and dander"	"Allergens"
"TR10933-0"	"Dog epithelium"	"Allergens"
"TR10934-8"	"Canary bird feathers"	"Allergens"
"TR10935-5"	"Parrot feathers"	"Allergens"
"TR10936-3"	"Horse dander"	"Allergens"
"TR10937-1"	"Cow dander"	"Allergens"
"TR10938-9"	"Dog dander"	"Allergens"
"TR10939-7"	"Guinea pig epithelium"	"Allergens"
"TR10940-5"	"Pigeon droppings"	"Allergens"
"TR10941-3"	"Goose feathers"	"Allergens"
"TR10942-1"	"Mouse epithelium"	"Allergens"
"TR10943-9"	"Mouse urine proteins"	"Allergens"
"TR10944-7"	"Rat epithelium"	"Allergens"
"TR10945-4"	"Rat urine proteins"	"Allergens"
"TR10946-2"	"Rat serum proteins"	"Allergens"
"TR10947-0"	"Mouse serum proteins"	"Allergens"
"TR10948-8"	"Budgerigar droppings"	"Allergens"
"TR10949-6"	"Budgerigar feathers"	"Allergens"
"TR10950-4"	"Budgerigar serum proteins"	"Allergens"
"TR10951-2"	"Goat epithelium"	"Allergens"
"TR10952-0"	"Sheep epithelium"	"Allergens"
"TR10953-8"	"Rabbit epithelium"	"Allergens"
"TR10954-6"	"Swine epithelium"	"Allergens"
"TR10955-3"	"Hamster epithelium"	"Allergens"
"TR10956-1"	"Chicken feathers"	"Allergens"
"TR10957-9"	"Duck feathers"	"Allergens"
"TR10958-7"	"Rat"	"Allergens"
"TR10959-5"	"Mouse"	"Allergens"
"TR10960-3"	"Turkey feathers"	"Allergens"
"TR10961-1"	"Egg white"	"Allergens"
"TR10962-9"	"Sesamum indicum"	"Allergens"
"TR10963-7"	"Fagopyrum esculentum"	"Allergens"
"TR10964-5"	"Pisum sativum"	"Allergens"
"TR10965-2"	"Arachis hypogaea"	"Allergens"
"TR10966-0"	"Glycine max"	"Allergens"
"TR10967-8"	"Phaseolus vulgaris"	"Allergens"
"TR10969-4"	"Bertholletia excelsa"	"Allergens"
"TR10970-2"	"Milk"	"Allergens"
"TR10971-0"	"Amygdalus communis"	"Allergens"
"TR10972-8"	"Carya illinoensis"	"Allergens"
"TR10973-6"	"Anacardium occidentale"	"Allergens"
"TR10974-4"	"Pistacia vera"	"Allergens"
"TR10975-1"	"Oncorhynchus mykiss, Salmo gairdnieri"	"Allergens"
"TR10976-9"	"Clupea harengus"	"Allergens"
"TR10977-7"	"Clam Ruditapes spp."	"Allergens"
"TR10978-5"	"Citrus limon"	"Allergens"
"TR10979-3"	"Citrus paradisis"	"Allergens"
"TR10980-1"	"Ananas comosus"	"Allergens"
"TR10981-9"	"Oryctolagus spp."	"Allergens"
"TR10982-7"	"Spinacia oleracea"	"Allergens"
"TR10983-5"	"Lactuca sativa"	"Allergens"
"TR10984-3"	"Brassica oleracea var. capitata"	"Allergens"
"TR10985-0"	"Capsicum annuum"	"Allergens"
"TR10986-8"	"Cucurbita pepo"	"Allergens"
"TR10987-6"	"Cancer pagurus"	"Allergens"
"TR10988-4"	"Milk, boiled"	"Allergens"
"TR10989-2"	"Ovalbumin"	"Allergens"
"TR10990-0"	"Ovomucoid"	"Allergens"
"TR10991-8"	"Lens esculenta"	"Allergens"
"TR10992-6"	"Prunus armeniaca"	"Allergens"
"TR10993-4"	"Pandalus borealis"	"Allergens"
"TR10994-2"	"Prunus avium"	"Allergens"
"TR10995-9"	"Cucumis sativus"	"Allergens"
"TR10996-7"	"Yolk and White"	"Allergens"
"TR10997-5"	"Lycopersicon lycopersicum"	"Allergens"
"TR10998-3"	"Pleuronectes platessa"	"Allergens"
"TR10999-1"	"Prunus domestica"	"Allergens"
"TR11000-7"	"Juglans spp."	"Allergens"
"TR11001-5"	"Vitis vinifera"	"Allergens"
"TR11002-3"	"Sus spp."	"Allergens"
"TR11003-1"	"Brassica oleracea var. italica"	"Allergens"
"TR11004-9"	"Bos spp."	"Allergens"
"TR11005-6"	"Piper nigrum"	"Allergens"
"TR11006-4"	"Meleagris gallopavo"	"Allergens"
"TR11007-2"	"Ostrea edulis"	"Allergens"
"TR11008-0"	"Castanea sativa"	"Allergens"
"TR11009-8"	"Gadus morhua"	"Allergens"
"TR11010-6"	"Daucus carota"	"Allergens"
"TR11011-4"	"Citrus sinensis"	"Allergens"
"TR11012-2"	"Pecten spp."	"Allergens"
"TR11013-0"	"Solanum tuberosum"	"Allergens"
"TR11014-8"	"Cocos nucifera"	"Allergens"
"TR11015-5"	"Mytilus edulis"	"Allergens"
"TR11016-3"	"Triticum aestivum"	"Allergens"
"TR11017-1"	"Thunnus albacares"	"Allergens"
"TR11018-9"	"Salmo salar"	"Allergens"
"TR11019-7"	"Fragaria vesca"	"Allergens"
"TR11020-5"	"Saccaromyces cerevisiae"	"Allergens"
"TR11021-3"	"Allium sativum"	"Allergens"
"TR11022-1"	"Allium cepa"	"Allergens"
"TR11023-9"	"Malus sylvestris"	"Allergens"
"TR11024-7"	"Secale cereale"	"Allergens"
"TR11025-4"	"Scomber japonicus"	"Allergens"
"TR11026-2"	"Phyllostachys pubescens"	"Allergens"
"TR11027-0"	"Ipomea batatas"	"Allergens"
"TR11028-8"	"Panicum milliaceum"	"Allergens"
"TR11029-6"	"Setaria italica"	"Allergens"
"TR11030-4"	"Echinochloa crus-galli"	"Allergens"
"TR11031-2"	"Todarodes pacificus"	"Allergens"
"TR11032-0"	"Octopus vulgaris"	"Allergens"
"TR11033-8"	"Hordeum vulgare"	"Allergens"
"TR11034-6"	"Trachurus japonicus"	"Allergens"
"TR11035-3"	"Sardinops melanosticta"	"Allergens"
"TR11036-1"	"Avena sativa"	"Allergens"
"TR11037-9"	"Egg yolk"	"Allergens"
"TR11038-7"	"A-lactalbumin"	"Allergens"
"TR11039-5"	"B-lactoglobulin"	"Allergens"
"TR11040-3"	"Casein"	"Allergens"
"TR11041-1"	"Gluten"	"Allergens"
"TR11042-9"	"Zea mays"	"Allergens"
"TR11043-7"	"Homarus gammarus"	"Allergens"
"TR11044-5"	"Cheese, cheddar type"	"Allergens"
"TR11045-2"	"Cheese, mold type"	"Allergens"
"TR11046-0"	"Gallus spp."	"Allergens"
"TR11047-8"	"Actinidia chinensis"	"Allergens"
"TR11048-6"	"Apium graveolens"	"Allergens"
"TR11049-4"	"Petrosilenum crispum"	"Allergens"
"TR11050-2"	"Cucumis melo spp."	"Allergens"
"TR11051-0"	"Ovis spp."	"Allergens"
"TR11052-8"	"Brassica/Sinapis spp."	"Allergens"
"TR11053-6"	"Oryza sativa"	"Allergens"
"TR11054-4"	"Malt"	"Allergens"
"TR11055-1"	"Mangifera indica"	"Allergens"
"TR11056-9"	"Banana Musa spp."	"Allergens"
"TR11057-7"	"Cacao Theobroma cacao"	"Allergens"
"TR11058-5"	"Pyrus communis"	"Allergens"
"TR11059-3"	"Prunus persica"	"Allergens"
"TR11060-1"	"Persea americana"	"Allergens"
"TR11061-9"	"Anthoxanthum odoratum"	"Allergens"
"TR11062-7"	"Sorghum halepense"	"Allergens"
"TR11063-5"	"Bromus inermis"	"Allergens"
"TR10968-6"	"Corylus avellana"	"Allergens"
"TR11065-0"	"Holcus lanatus"	"Allergens"
"TR11064-3"	"Secale cereale"	"Allergens"
"TR11067-6"	"Triticum sativum"	"Allergens"
"TR11068-4"	"Alopercurus pratensis"	"Allergens"
"TR11069-2"	"Paspalum notatum"	"Allergens"
"TR11070-0"	"Cynodon dactylon"	"Allergens"
"TR11066-8"	"Avena sativa"	"Allergens"
"TR11071-8"	"Hordeum vulgare"	"Allergens"
"TR11073-4"	"Dactylis glomerata"	"Allergens"
"TR11074-2"	"Festuca elatior"	"Allergens"
"TR11075-9"	"Lolium perenne"	"Allergens"
"TR11076-7"	"Phleum pratense"	"Allergens"
"TR11077-5"	"Phragmites communis"	"Allergens"
"TR11078-3"	"Elymus triticoides"	"Allergens"
"TR11079-1"	"Phalaris arundinacea"	"Allergens"
"TR11080-9"	"Poa pratensis"	"Allergens"
"TR11081-7"	"Agrostis stolonifera"	"Allergens"
"TR11082-5"	"House dust, Greer"	"Allergens"
"TR11083-3"	"House dust, Hollister-Stier"	"Allergens"
"TR11084-1"	"Apis mellifera"	"Allergens"
"TR11085-8"	"Dolichovespula maculata"	"Allergens"
"TR11086-6"	"Gasterophilus intestinalis"	"Allergens"
"TR11087-4"	"Vespula spp."	"Allergens"
"TR11088-2"	"Polistes spp."	"Allergens"
"TR11089-0"	"Dolichovespula arenaria"	"Allergens"
"TR11090-8"	"Blatella germanica"	"Allergens"
"TR11091-6"	"Solenopsis invicta"	"Allergens"
"TR11092-4"	"Aedes communis"	"Allergens"
"TR11093-2"	"Cladotanytarsus lewisi"	"Allergens"
"TR11094-0"	"Chironomus thummi"	"Allergens"
"TR11095-7"	"Vespa crabro"	"Allergens"
"TR11096-5"	"Trogoderma angustum"	"Allergens"
"TR11097-3"	"Bombyx mori"	"Allergens"
"TR11098-1"	"Green coffee beans"	"Allergens"
"TR11099-9"	"Castor bean"	"Allergens"
"TR11100-5"	"Ispaghula"	"Allergens"
"TR11101-3"	"Silk waste"	"Allergens"
"TR11072-6"	"Zea mays"	"Allergens"
"TR11103-9"	"Isocyanate TDI"	"Allergens"
"TR11104-7"	"Isocyanate MDI"	"Allergens"
"TR11105-4"	"Isocyanate HDI"	"Allergens"
"TR11106-2"	"Ethylene oxide"	"Allergens"
"TR11107-0"	"Phthalic anhydride"	"Allergens"
"TR11108-8"	"Formaldehyde/Formalin"	"Allergens"
"TR11109-6"	"Ficus spp."	"Allergens"
"TR11110-4"	"Hevea braziliensis"	"Allergens"
"TR11111-2"	"Cotton seed"	"Allergens"
"TR11112-0"	"Sunflower seed"	"Allergens"
"TR11113-8"	"Chloramin T"	"Allergens"
"TR11114-6"	"Trimellitic anhydride"	"Allergens"
"TR11115-3"	"Alpha-amylase"	"Allergens"
"TR11116-1"	"Penicillium notatum"	"Allergens"
"TR11117-9"	"Stemphylium botryosum"	"Allergens"
"TR11118-7"	"Rhizopus nigricans"	"Allergens"
"TR11119-5"	"Aureobasidium pullulans"	"Allergens"
"TR11120-3"	"Phoma betae"	"Allergens"
"TR11121-1"	"Epicoccum purpurascens"	"Allergens"
"TR11122-9"	"Trichoderma viride"	"Allergens"
"TR11123-7"	"Curvularia lunata"	"Allergens"
"TR11124-5"	"Hormodendrum"	"Allergens"
"TR11125-2"	"Cephalosporium acremonium"	"Allergens"
"TR11126-0"	"Trichophyton rubrum"	"Allergens"
"TR11127-8"	"Aspergillus niger"	"Allergens"
"TR11128-6"	"Aspergillus fumigatus"	"Allergens"
"TR11129-4"	"Mucor racemosus"	"Allergens"
"TR11130-2"	"Candida albicans"	"Allergens"
"TR11131-0"	"Alternaria alternata"	"Allergens"
"TR11132-8"	"Botrytis cinerea"	"Allergens"
"TR11133-6"	"Pityrosporum orbiculare"	"Allergens"
"TR11134-4"	"Helminthosporium halodes"	"Allergens"
"TR11135-1"	"Staphylococcal enterotoxin A"	"Allergens"
"TR11136-9"	"Staphylococcal enterotoxin B"	"Allergens"
"TR11137-7"	"Fusarium moniliforme"	"Allergens"
"TR11138-5"	"Cotton, crude fibers"	"Allergens"
"TR11139-3"	"Seminal fluid Antibody"	"Allergens"
"TR11140-1"	"Ascaris"	"Allergens"
"TR11141-9"	"Echinococcus"	"Allergens"
"TR11142-7"	"Anisakis"	"Allergens"
"TR11143-5"	"Succinylcholine"	"Allergens"
"TR11144-3"	"Adrenocorticotrophic hormone"	"Allergens"
"TR11145-0"	"Protamine"	"Allergens"
"TR11146-8"	"Tetanus toxoid"	"Allergens"
"TR11147-6"	"Chymopapain"	"Allergens"
"TR11148-4"	"Reindeer epithelium"	"Allergens"
"TR11149-2"	"Mink epithelium"	"Allergens"
"TR11150-0"	"Bovine serum albumin"	"Allergens"
"TR11151-8"	"Horse serum proteins"	"Allergens"
"TR11152-6"	"Rabbit serum proteins"	"Allergens"
"TR11153-4"	"Chinchilla epithelium"	"Allergens"
"TR11154-2"	"Gerbil epithelium"	"Allergens"
"TR11155-9"	"Fox epithelium"	"Allergens"
"TR11156-7"	"Rabbit urine proteins"	"Allergens"
"TR11157-5"	"Swine urine proteins"	"Allergens"
"TR11158-3"	"Finch feathers"	"Allergens"
"TR11159-1"	"Pigeon feathers"	"Allergens"
"TR11160-9"	"Deer epithelium"	"Allergens"
"TR11161-7"	"Ferret epithelium"	"Allergens"
"TR11162-5"	"Chicken droppings"	"Allergens"
"TR11163-3"	"Chicken serum proteins"	"Allergens"
"TR11164-1"	"Cat serum albumin"	"Allergens"
"TR11165-8"	"Dog serum albumin"	"Allergens"
"TR11166-6"	"Swine serum albumin"	"Allergens"
"TR11167-4"	"Mackerel"	"Allergens"
"TR11168-2"	"Rubus fruticosus"	"Allergens"
"TR11169-0"	"Agaricus hortensis"	"Allergens"
"TR11170-8"	"Brassica oleracea var. gemmifera"	"Allergens"
"TR11171-6"	"Foeniculum vulgare seed"	"Allergens"
"TR11172-4"	"Cinnamomum spp."	"Allergens"
"TR11173-2"	"Coffea spp."	"Allergens"
"TR11174-0"	"Camellia sinensis"	"Allergens"
"TR11175-7"	"Papaver somniferum"	"Allergens"
"TR11102-1"	"Bombyx mori"	"Allergens"
"TR11177-3"	"Beta vulgaris seed"	"Allergens"
"TR11178-1"	"Vanilla planifolia"	"Allergens"
"TR11179-9"	"Whey"	"Allergens"
"TR11180-7"	"Cyamposis tetragonolobus"	"Allergens"
"TR11181-5"	"Honey"	"Allergens"
"TR11182-3"	"Pinus edulis"	"Allergens"
"TR11183-1"	"Loligo spp."	"Allergens"
"TR11184-9"	"Asparagus officinalis"	"Allergens"
"TR11185-6"	"Solanum melongena"	"Allergens"
"TR11176-5"	"Cucurbita pepo"	"Allergens"
"TR11187-2"	"Anguilla anguilla"	"Allergens"
"TR11188-0"	"Caraway"	"Allergens"
"TR11189-8"	"Mace Myristica fragrans"	"Allergens"
"TR11190-6"	"Elettaria cardamomum"	"Allergens"
"TR11191-4"	"Syzygium aromaticum"	"Allergens"
"TR11192-2"	"Ocimum basilicum"	"Allergens"
"TR11193-0"	"Zingiber officinale"	"Allergens"
"TR11194-8"	"Pimpinella anisum"	"Allergens"
"TR11195-5"	"Artemisia dracunculus"	"Allergens"
"TR11196-3"	"Thymus vulgaris"	"Allergens"
"TR11197-1"	"Origanum majorana"	"Allergens"
"TR11198-9"	"Levisticum officinale"	"Allergens"
"TR11199-7"	"Foeniculum vulgare fresh"	"Allergens"
"TR11200-3"	"Anethum graveolens"	"Allergens"
"TR11201-1"	"Laurus nobilis"	"Allergens"
"TR11202-9"	"Capsicum frutescens"	"Allergens"
"TR11203-7"	"Santa Maria"	"Allergens"
"TR11204-5"	"Nutmeg Myristica fragrans"	"Allergens"
"TR11205-2"	"Origanum vulgare"	"Allergens"
"TR11206-0"	"Elk/moose meat"	"Allergens"
"TR11207-8"	"Mare's Milk"	"Allergens"
"TR11208-6"	"Red Kidney Bean Phaseolus vulgaris"	"Allergens"
"TR11209-4"	"Vaccinium myrtillis"	"Allergens"
"TR11210-2"	"Phoenix dactylifera"	"Allergens"
"TR11211-0"	"Brassica oleracea var. botrytis"	"Allergens"
"TR11212-8"	"Psidium guajava"	"Allergens"
"TR11213-6"	"Carica papaya"	"Allergens"
"TR11214-4"	"Passiflora edulis"	"Allergens"
"TR11215-1"	"Averrhoa carambola"	"Allergens"
"TR11216-9"	"Ceratonia siliqua"	"Allergens"
"TR11217-7"	"Acacia spp."	"Allergens"
"TR11218-5"	"Astragalus spp."	"Allergens"
"TR11219-3"	"Goat milk"	"Allergens"
"TR11220-1"	"Diospyros kaki"	"Allergens"
"TR11221-9"	"Citrus reticulata"	"Allergens"
"TR11222-7"	"Hippoglossus hippoglossus"	"Allergens"
"TR11223-5"	"Palinurus spp."	"Allergens"
"TR11224-3"	"Trigonella foenum-graecum"	"Allergens"
"TR11225-0"	"Citrus aurantifolia"	"Allergens"
"TR11226-8"	"Merluccius merluccius"	"Allergens"
"TR11227-6"	"Pilchard, Sardina pilchardus"	"Allergens"
"TR11228-4"	"Cicer arietinus"	"Allergens"
"TR11229-2"	"Lathyrus sativus"	"Allergens"
"TR11230-0"	"Lepidorhombus whiffiagonis"	"Allergens"
"TR11231-8"	"Xiphias gladius"	"Allergens"
"TR11232-6"	"Engraulis encrasicolus"	"Allergens"
"TR11233-4"	"helix aspersa"	"Allergens"
"TR11234-2"	"Green Bean Phaseolus vulgaris"	"Allergens"
"TR11235-9"	"Brassica rapa"	"Allergens"
"TR11236-7"	"Coriandrum sativum"	"Allergens"
"TR11237-5"	"Artocarpus heterophyllus"	"Allergens"
"TR11238-3"	"Beta vulgaris"	"Allergens"
"TR11239-1"	"Astacus astacus"	"Allergens"
"TR11240-9"	"Horse meat"	"Allergens"
"TR11241-7"	"Ribes sylvestre"	"Allergens"
"TR11242-5"	"Conalbumin"	"Allergens"
"TR11243-3"	"Humulus lupus"	"Allergens"
"TR11244-1"	"Sheep milk"	"Allergens"
"TR11245-8"	"Sheep whey"	"Allergens"
"TR11246-6"	"Ficus carica"	"Allergens"
"TR11247-4"	"Citrullus lanatus"	"Allergens"
"TR11248-2"	"Rosa spp."	"Allergens"
"TR11249-0"	"Crocus sativus"	"Allergens"
"TR11250-8"	"Mentha piperita"	"Allergens"
"TR11251-6"	"Linum usitatissimum"	"Allergens"
"TR11252-4"	"Bovine lactoferrin"	"Allergens"
"TR11253-2"	"Lupinus albus"	"Allergens"
"TR11254-0"	"Ziziphus jujuba"	"Allergens"
"TR11255-7"	"Solea solea"	"Allergens"
"TR11256-5"	"Pimenta dioica"	"Allergens"
"TR11257-3"	"Dactylopius coccus"	"Allergens"
"TR11258-1"	"Vaccinium oxycoccus"	"Allergens"
"TR11259-9"	"Olea europaea"	"Allergens"
"TR11260-7"	"Rubus idaeus"	"Allergens"
"TR11261-5"	"Salvia officinalis"	"Allergens"
"TR11262-3"	"Macadamia nut"	"Allergens"
"TR11263-1"	"Haliotis spp."	"Allergens"
"TR11264-9"	"Chenopodium quinoa"	"Allergens"
"TR11265-6"	"Litchi chinensis"	"Allergens"
"TR11266-4"	"Yam"	"Allergens"
"TR11267-2"	"Distichlis spicata"	"Allergens"
"TR11268-0"	"Arrhenatherum elatius"	"Allergens"
"TR11269-8"	"Sitophilus granarius"	"Allergens"
"TR11270-6"	"Ephestia (syn. Anagasta) keuhniella"	"Allergens"
"TR11271-4"	"Tabanus spp"	"Allergens"
"TR11272-2"	"Bombus terrestris"	"Allergens"
"TR11273-0"	"Periplaneta americana"	"Allergens"
"TR11274-8"	"Blatta orientalis"	"Allergens"
"TR11275-5"	"Papain"	"Allergens"
"TR11276-3"	"Bromelin"	"Allergens"
"TR11277-1"	"Phospholipase"	"Allergens"
"TR11278-9"	"Maxatase"	"Allergens"
"TR11279-7"	"Alkalase"	"Allergens"
"TR11280-5"	"Savinase"	"Allergens"
"TR11281-3"	"Lysozyme"	"Allergens"
"TR11282-1"	"Hexahydrophtalic anhydride"	"Allergens"
"TR11283-9"	"Maleic anhydride"	"Allergens"
"TR11284-7"	"Methyltetrahydrophtalic anhydride"	"Allergens"
"TR11285-4"	"Triplochiton scleroxylon"	"Allergens"
"TR11286-2"	"Pepsin"	"Allergens"
"TR11287-0"	"Bougainvillea Spp."	"Allergens"
"TR11288-8"	"Ustilago nuda/tritici"	"Allergens"
"TR11289-6"	"Trichosporon pullulans"	"Allergens"
"TR11290-4"	"Ulocladium chartartum"	"Allergens"
"TR11291-2"	"Chaetomium globosum"	"Allergens"
"TR11292-0"	"Penicillium frequentans"	"Allergens"
"TR11293-8"	"Trichophyton ment. var goetzii"	"Allergens"
"TR11294-6"	"Trichophyton ment. var interdigitale"	"Allergens"
"TR11295-3"	"Aspergillus fumigatus Asp f1"	"Allergens"
"TR11296-1"	"Aspergillus fumigatus Asp f2"	"Allergens"
"TR11297-9"	"Aspergillus fumigatus Asp f3"	"Allergens"
"TR11298-7"	"Aspergillus fumigatus Asp f4"	"Allergens"
"TR11299-5"	"Aspergillus fumigatus Asp f6"	"Allergens"
"TR11300-1"	"Staphylococcal enterotoxin C"	"Allergens"
"TR11301-9"	"Staphylococcal enterotoxin D"	"Allergens"
"TR11302-7"	"Staphylococcal enterotoxin TSST"	"Allergens"
"TR11303-5"	"Malassezia spp."	"Allergens"
"TR11304-3"	"Tobacco leaf"	"Allergens"
"TR11305-0"	"Artemisia salina, fish feed"	"Allergens"
"TR11306-8"	"Tetramin, fish feed"	"Allergens"
"TR11307-6"	"Daphnia, fish feed"	"Allergens"
"TR11308-4"	"Tenebrio mollitor"	"Allergens"
"TR11309-2"	"Streptavidin"	"Allergens"
"TR11310-0"	"maltose-binding protein"	"Allergens"
"TR11311-8"	"Picea excelsa"	"Allergens"
"TR11312-6"	"Aesculus hippocastanum"	"Allergens"
"TR11313-4"	"Sambucus nigra"	"Allergens"
"TR11186-4"	"Piper nigrum"	"Allergens"
"TR11315-9"	"Pseudotsuga taxifolia"	"Allergens"
"TR11316-7"	"Carpinus betulus"	"Allergens"
"TR11317-5"	"Liquidambar styraciflua"	"Allergens"
"TR11318-3"	"CedarLibocedrus decurrens"	"Allergens"
"TR11319-1"	"Pinus radiata"	"Allergens"
"TR11320-9"	"Phoenix canariensis"	"Allergens"
"TR11321-7"	"Schinus molle"	"Allergens"
"TR11322-5"	"Quercus virginiana"	"Allergens"
"TR11323-3"	"Paloverde"	"Allergens"
"TR11324-1"	"Cupressus arizonica"	"Allergens"
"TR11325-8"	"Elaeis gulneensis"	"Allergens"
"TR11326-6"	"Brassica napus"	"Allergens"
"TR11327-4"	"Helianthus annuus"	"Allergens"
"TR11328-2"	"Matricaria chamomilla"	"Allergens"
"TR11329-0"	"Lupinus spp."	"Allergens"
"TR11314-2"	"Castanea sativa"	"Allergens"
"TR11331-6"	"Acer negundo"	"Allergens"
"TR11332-4"	"Juglans californica"	"Allergens"
"TR11333-2"	"Platanus acerifolia"	"Allergens"
"TR11334-0"	"Salix caprea"	"Allergens"
"TR11335-7"	"Populus deltoides"	"Allergens"
"TR11336-5"	"Fraxinus americana"	"Allergens"
"TR11337-3"	"Pinus strobus"	"Allergens"
"TR11338-1"	"Cryptomeria japonica"	"Allergens"
"TR11339-9"	"Eucalyptus spp."	"Allergens"
"TR11340-7"	"Acacia longifolia"	"Allergens"
"TR11341-5"	"Alnus incana"	"Allergens"
"TR11342-3"	"Prosopis juliflora"	"Allergens"
"TR11343-1"	"Tilia cordata"	"Allergens"
"TR11344-9"	"Melaleuca leucadendron"	"Allergens"
"TR11345-6"	"Ligustrum vulgare"	"Allergens"
"TR11346-4"	"Carya pecan"	"Allergens"
"TR11347-2"	"Cupressus sempervirens"	"Allergens"
"TR11348-0"	"Betula verrucosa"	"Allergens"
"TR11349-8"	"Corylus avellana"	"Allergens"
"TR11350-6"	"Fagus grandifolia"	"Allergens"
"TR11351-4"	"Juniperus sabinoides"	"Allergens"
"TR11352-2"	"Quercus alba"	"Allergens"
"TR11353-0"	"Morus alba"	"Allergens"
"TR11354-8"	"Arecastrum romanzoffianum"	"Allergens"
"TR11355-5"	"Casaurina equisetifolia"	"Allergens"
"TR11356-3"	"Ulmus americana"	"Allergens"
"TR11330-8"	"Beta vulgaris"	"Allergens"
"TR11358-9"	"Ambrosia elatior"	"Allergens"
"TR11359-7"	"Chenopodium album"	"Allergens"
"TR11360-5"	"Salsola kali"	"Allergens"
"TR11361-3"	"Solidago virgaurea"	"Allergens"
"TR11362-1"	"Xanthium commune"	"Allergens"
"TR11363-9"	"Amaranthus retroflexus"	"Allergens"
"TR11364-7"	"Atriplex lentiformis"	"Allergens"
"TR11365-4"	"Iva ciliata"	"Allergens"
"TR11366-2"	"Kochia scoparia"	"Allergens"
"TR11367-0"	"Rumex acetosella"	"Allergens"
"TR11368-8"	"Parietaria officinalis"	"Allergens"
"TR11369-6"	"Ambrosia psilostachya"	"Allergens"
"TR11370-4"	"Urtica dioica"	"Allergens"
"TR11371-2"	"Parietaria judaica"	"Allergens"
"TR11372-0"	"Ambrosia trifida"	"Allergens"
"TR11373-8"	"Franseria acanthicarpa"	"Allergens"
"TR11374-6"	"Artemisia absinthium"	"Allergens"
"TR11375-3"	"Artemisia vulgaris"	"Allergens"
"TR11376-1"	"Chrysanthemum leucanthemum"	"Allergens"
"TR11377-9"	"Taraxacum vulgare"	"Allergens"
"TR11378-7"	"Plantago lanceolata"	"Allergens"
"TR11379-5"	"3-Androstanediol Glucuronide"	"Chemistry"
"TR11380-3"	"Alkaline Phosphatase Bone"	"Chemistry"
"TR11381-1"	"Alpha 1-Antityrpsin Clearance"	"Immunology"
"TR11382-9"	"Amoxapine"	"Chemistry"
"TR11383-7"	"Antithrombin III Antigen"	"Hematology"
"TR11384-5"	"Apolipoprotein A II"	"Chemistry"
"TR11385-2"	"Apolipoprotein B 100"	"Chemistry"
"TR11386-0"	"Arsenic Inorganic"	"Chemistry"
"TR11387-8"	"Beta Hydroxybutyrate Dehydrogenase"	"Chemistry"
"TR11388-6"	"Bleeding Time in Vitro"	"Hematology"
"TR11389-4"	"Blood Film Review"	"Hematology"
"TR11390-2"	"Blood Gases"	"Chemistry"
"TR11391-0"	"Calcium Corrected"	"Chemistry"
"TR11392-8"	"Cell Differential"	"Hematology"
"TR11393-6"	"Chylomicrons"	"Chemistry"
"TR11394-4"	"Clinical Consultation Autopsy Pathology"	"Pathology"
"TR11395-1"	"Clinical Consultation Cancer Cytogenetics"	"Pathology"
"TR11396-9"	"Clinical Consultation Cytogenetics"	"Pathology"
"TR11397-7"	"Clinical Consultation Cytology Non-Cervico/Vaginal"	"Pathology"
"TR11398-5"	"Clinical Consultation Molecular Pathology"	"Pathology"
"TR11399-3"	"Clinical Consultation Non-Gynecological Fine Needle Aspiration Biopsy"	"Pathology"
"TR11400-9"	"Clinical Consultation Papanicolaou Smear Conventional"	"Pathology"
"TR11401-7"	"Clinical Consultation Papanicolaou Smear Liquid Based"	"Pathology"
"TR11402-5"	"Clostridium Difficile Screen"	"Microbiology"
"TR11403-3"	"Cortisol"	"Chemistry"
"TR11404-1"	"Cortisol Free"	"Chemistry"
"TR11405-8"	"Cyanide"	"Chemistry"
"TR11406-6"	"Cyclosporine 2Hr Post Dose"	"Chemistry"
"TR11407-4"	"D-Lactate"	"Chemistry"
"TR11408-2"	"DNA ds Antibodies Farr Method"	"Immunology"
"TR11409-0"	"Epstein Barr Virus Antibody IgG"	"Serology"
"TR11410-8"	"Fibronectin Fetal"	"Chemistry"
"TR11411-6"	"Gentamicin Trough High Dose"	"Chemistry"
"TR11412-4"	"Glycerol"	"Chemistry"
"TR11413-2"	"Gram Stain"	"Microbiology"
"TR11414-0"	"Hemoglobin Fluid"	"Hematology"
"TR11415-7"	"Streptococcus Pyogenes AG"	"Microbiology"
"TR11416-5"	"Hepatitis A Antibody Total"	"Serology"
"TR11417-3"	"Hepatitis B Virus Core Antibody IgG"	"Serology"
"TR11418-1"	"Hepatitis Acute Panel"	"Serology"
"TR11419-9"	"Hepatitis Chronic Panel"	"Serology"
"TR11420-7"	"Immune Complex"	"Immunology"
"TR11421-5"	"Influenza Virus A Antigen Screen"	"Serology"
"TR11422-3"	"Albumin/Globulin Ratio"	"Chemistry"
"TR11423-1"	"Alpha Fetoprotein, Maternal Screen"	"Chemistry"
"TR11424-9"	"Estriol, Maternal Screen"	"Chemistry"
"TR11425-6"	"Choriogonadotropin, Maternal Screen"	"Chemistry"
"TR11426-4"	"Iron Saturation"	"Chemistry"
"TR11427-2"	"Ketones"	"Chemistry"
"TR11428-0"	"Leptin"	"Chemistry"
"TR11429-8"	"Meat Fibre Screen"	"Chemistry"
"TR11430-6"	"Microalbumin"	"Chemistry"
"TR11431-4"	"Microsporidia"	"Microbiology"
"TR11432-2"	"Mycobacteria Leprae Detection"	"Microbiology"
"TR11433-0"	"Myocardium Antibodies"	"Immunology"
"TR11434-8"	"Natriuretic Peptide B"	"Chemistry"
"TR11435-5"	"Netilmicin Peak"	"Chemistry"
"TR11436-3"	"Netilmicin Random"	"Chemistry"
"TR11437-1"	"Netilmicin Trough"	"Chemistry"
"TR11438-9"	"Parathyrin Intact"	"Chemistry"
"TR11439-7"	"Pathologist/Hematologist Review"	"Hematology"
"TR11440-5"	"Plasminogen Antigen"	"Hematology"
"TR11441-3"	"Prostatic Specific Antigen Ultrasensitive"	"Chemistry"
"TR11442-1"	"Protein S Free AG"	"Hematology"
"TR11443-9"	"Respiratory Syncytial Virus Antibody Screen"	"Serology"
"TR11444-7"	"Sirolimus"	"Chemistry"
"TR11445-4"	"Streptolysin O Antibody"	"Serology"
"TR11446-2"	"Syphillis Darkfield Exam"	"Microbiology"
"TR11447-0"	"Thrombin Inhibitor Argatroban"	"Hematology"
"TR11448-8"	"Thrombin Inhibitor Bivalirudin"	"Hematology"
"TR11449-6"	"Thrombin Inhibitor Hirudin"	"Hematology"
"TR11450-4"	"Tobramycin High Dose Trough"	"Chemistry"
"TR11451-2"	"Triazolam"	"Chemistry"
"TR11452-0"	"Vasoactive Intestinal Peptide"	"Chemistry"
"TR11453-8"	"Hepatitis A Immunity Panel"	"Serology"
"TR11454-6"	"Heparin Unfractionated"	"Hematology"
"TR11455-3"	"Insulin Receptor Antibodies"	"Immunology"
"TR11456-1"	"Influenza Virus B Antigen Screen"	"Serology"
"TR11457-9"	"Hepatitis B Immunity Panel"	"Serology"
"TR11458-7"	"Heparin Low Molecular Weight"	"Hematology"
"TR11459-5"	"Insulin-like Growth Factor 2"	"Chemistry"
"TR11467-8"	"Insulin-like Growth Factor 3 Binding Proteins"	"Chemistry"
"TR11468-6"	"Anion Gap"	"Chemistry"
"TR11469-4"	"Specific Gravity"	"Chemistry"
"TR11470-2"	"pH"	"Chemistry"
"TR11471-0"	"Bilirubin Neonatal"	"Chemistry"
"TR11472-8"	"Glucose Tolerance Test Gestational Screen"	"Chemistry"
"TR11473-6"	"Cortisol Timed"	"Chemistry"
"TR11474-4"	"Cortisol Pre Dexamethasone"	"Chemistry"
"TR11475-1"	"Cortisol Post Dexamethasone"	"Chemistry"
"TR11476-9"	"Cortisol Pre Corticotropin"	"Chemistry"
"TR11477-7"	"Cortisol Post Corticotropin"	"Chemistry"
"TR11478-5"	"Triple Bolus Challenge"	"Chemistry"
"TR11487-6"	"Transferrin Receptor, Soluble"	"Chemistry"
"TR11489-2"	"Choriogonadotropin Beta Subunit, Free"	"Chemistry"
"TR11357-1"	"Olea europaea"	"Allergens"
"TR11491-6"	"Tricyclic Screen"	"Chemistry"
"TR11492-6"	"Cocaine Screen"	"Chemistry"
"TR11493-4"	"Cholesterol/HDL Ratio"	"Chemistry"
"TR11494-2"	"Macroprolactin"	"Chemistry"
"TR11495-9"	"Amoebic Antibody"	"Serology"
"TR11496-7"	"Ascaris Antibody"	"Serology"
"TR11497-5"	"Babesia Antibody"	"Serology"
"TR11498-3"	"Bartonella Antibody"	"Serology"
"TR11499-1"	"Blastomyces Antibody"	"Serology"
"TR11500-6"	"Bordetella Pertussis Antibody"	"Serology"
"TR11501-6"	"Borelia Recurrentis"	"Serology"
"TR11502-2"	"Borrelia burgdorferi Antibody"	"Serology"
"TR11503-0"	"Brucella Antbody"	"Serology"
"TR11504-8"	"Campylobacter Antibody"	"Serology"
"TR11505-5"	"Chlamydophila Psittaci Antibody"	"Serology"
"TR11506-3"	"Clostridium tetani Antibody"	"Serology"
"TR11507-1"	"Coccidioides Antibody.PHL"	"Serology"
"TR11508-9"	"Colorado Tick Fever Antibody"	"Serology"
"TR11509-7"	"Coxiella burnetii Antibody"	"Serology"
"TR11510-5"	"Coxsackievirus Antibody"	"Serology"
"TR11511-3"	"Cryptococcus Antigen"	"Serology"
"TR11512-1"	"Dengue Antibody"	"Serology"
"TR11513-9"	"Eastern Equine Encephalitis Virus Antibody"	"Serology"
"TR11525-3"	"Echinococcus Antibody"	"Serology"
"TR11526-1"	"Ehrlichia Antibody"	"Serology"
"TR11527-9"	"Francisella tularensis Antibody"	"Serology"
"TR11528-7"	"Histoplasma Antibody"	"Serology"
"TR11529-5"	"Influenza Virus A & B Antibody"	"Serology"
"TR11530-3"	"Japanese B Encephalitis Antibody"	"Serology"
"TR11531-1"	"Leishmania Antibody"	"Serology"
"TR11532-9"	"Powassan Virus Antibody"	"Serology"
"TR11533-7"	"Rickettsia Antibody"	"Serology"
"TR11534-5"	"St Louis Encephalitis Virus Antibody"	"Serology"
"TR11535-2"	"Sub Sclerosing Panencephalitis"	"Serology"
"TR11536-0"	"Toxocara Antibody"	"Serology"
"TR11537-8"	"Toxoplasma gondii Antibody"	"Serology"
"TR11538-6"	"Western Equine Encephalitis Virus Antibody"	"Serology"
"TR11539-4"	"Hemoglobin H Inclusion Bodies"	"Hematology"
"TR11540-2"	"Prothrombin G20210A"	"Hematology"
"TR11541-0"	"Bilirubin Transcutaneous"	"Chemistry"
"TR11542-8"	"Procainamide + N-Acetylprocainamide"	"Chemistry"
"TR11543-6"	"5, 10 Methylenetetrahydrofolate reductase"	"Chemistry"
"TR11544-4"	"estimated GFR"	"Chemistry"
"TR11545-1"	"Human Herpesvirus 4 Antibody"	"Serology"
"TR11550-1"	"Limulus amebocyte Lysate"	"Serology"
"TR11551-9"	"Listeria monocytogenes Antibody"	"Serology"
"TR11552-7"	"Human Herpesvirus 3 Antibody"	"Serology"
"TR11553-5"	"Human Herpesvirus 1 Antibody"	"Serology"
"TR11554-3"	"Measles Virus Antibody"	"Serology"
"TR11555-0"	"Rubella virus Antibody"	"Serology"
"TR11556-8"	"Mumps virus Antibody"	"Serology"
"TR11557-6"	"SARS Coronovirus Antibody"	"Serology"
"TR11558-4"	"India Ink Preparation"	"Serology"
"TR11559-2"	"Microorganism spinal probe"	"Serology"
"TR11560-0"	"Chlamydia serology"	"Serology"
"TR11561-8"	"Antibody Screen"	"Blood Bank"
"TR11562-6"	"Antibody Titre"	"Blood Bank"
"TR11563-4"	"Antibody Screen.Prenatal"	"Blood Bank"
"TR11564-2"	"ABO & RH Blood Group.Prenatal"	"Blood Bank"
"TR11565-9"	"RH Genotype"	"Blood Bank"
"TR11566-7"	"Avian Precipitans (Pigeon+Budgie)"	"Allergens"
"TR11567-5"	"Bone Marrow Aspirate+Biopsy"	"Microbiology"
"TR11568-3"	"Virus Isolate subtyping"	"Microbiology"
"TR11569-1"	"Human Herpesvirus 4 serology"	"Serology"
"TR11570-9"	"HLA A.B.C"	"Chemistry"
"TR11571-7"	"Urea pre and post dialysis ratio"	"Chemistry"
"TR11572-5"	"SARS Virus Detection"	"Microbiology"
"TR11573-3"	"Cockatiel Feathers"	"Allergens"
"TR11574-1"	"Parakeet Feathers"	"Allergens"
"TR11575-8"	"Antigen Typing"	"Blood Bank"
"TR11576-6"	"Cord Blood Screen"	"Blood Bank"
"TR11577-4"	"Factor V Lieden"	"Hematology"
"TR11578-2"	"Senior Technologists Review"	"Pathology"
"TR11579-0"	"CD 57"	"Hematology"
"TR11580-8"	"Phadiatop"	"Allergens"
"TR11581-6"	"Salivary Gland Antibody"	"Chemistry"
"TR11582-4"	"Lutropin/Follitropin Ratio"	"Chemistry"
"TR11583-2"	"Prostatic Specific Antigen Free/Prostatic Specific Antigen Ratio"	"Chemistry"
"TR11584-0"	"Protein/Creatinine Ratio"	"Chemistry"
"TR11585-7"	"Testosterone/Cortisol Ratio"	"Chemistry"
"TR11586-5"	"Calcium/Creatinine Ratio"	"Chemistry"
"TR11587-3"	"Dehydroepiandrosterone Sulfate/Cortisol Ratio"	"Chemistry"
"TR11588-1"	"Glucose Tolerance Test 6 Hour"	"Chemistry"
"TR11589-9"	"TREE MIX 1 (1. Acer negundo 2. Betula verrucosa 3. Quercus alba 4. Ulmus americana 5. Juglans californica)"	"Allergens"
"TR11590-7"	"TREE MIX 2 (1. Acer negundo 2. Quercus alba 3. Ulmus americana 4. Populus deltoides 5. Carya pecan)"	"Allergens"
"TR11591-5"	"WEED MIX 1 (1. Ambrosia elatior 2. Artemisia vulgaris 3. Plantago lanceolata 4. Chenopodium album 5. Salsola kali)"	"Allergens"
"TR11592-3"	"Seafood MIX (1. Gadus morhua 2. Pandalus borealis 3. Mytilus edulis 4. Thunnus albacares 5. Salmo salar)"	"Allergens"
"TR11593-1"	"FISH MIX (1. Gadus morhua 2. Clupea harengus 3. Scomber scombrus 4. Pleuronectes platessa)"	"Allergens"
"TR11594-9"	"FEATHER MIX (1. Goose feathers 2. Chicken feathers 3. Duck feathers 4. Turkey feathers)"	"Allergens"
"TR11595-6"	"MOLD MIX 1 (1. Penicillium notatum 2. Cladosporium herbanum 3. Aspergillus fumigatus 4. Alternaria alternata)"	"Allergens"
"TR11596-4"	"PEDIATRIC MIX (1. Egg white 2. Milk 3.Gadus morhua 4. Arachis hypogaea 5. Glycine max 6. Wheat)"	"Allergens"
"TR11597-2"	"MOLD MIX 2 (1. Penicillium notatum 2. Cladosporium herbanum 3. Aspergillus fumigatus 4. Candida albicans 5. Alternaria alternata 6. Helminthosporium halodes)"	"Allergens"
"TR11598-0"	"Lamellar Bodies"	"Hematology"
"TR11599-8"	"Cytotoxic Antibody"	"Serology"
"TR11600-4"	"Buffy Coat Microscopy"	"Microscopy"
"TR11601-2"	"Human Herpesvirus 2 Antibody"	"Serology"
"TR11602-0"	"Sympathomimetic Amines"	"Chemistry"
"TR11603-8"	"Antabuse"	"Chemistry"
"TR11604-6"	"Cryofibrinogen"	"Chemistry"
"TR11605-3"	"Cow's Milk"	"Allergens"
"TR11606-1"	"Grass Mix 1 (1.Dactylis glomerata 2. Festuca elatior 3. Lolium perenne 4. Phleum pratense 5. Poa pratensis)"	"Allergens"
"TR11607-9"	"GRASS MIX 2 (1. Cynodon dactylon 2. Lolium perenne 3. Phlium patense 4. Poa pratensis 5. Paspalum notatum 6. Sorghum halepense)"	"Allergens"
"TR11608-7"	"House Dust Mix 1 (1.House Dust Hollistier Stier 2. Dermatophagoides pteronyssinus 3. Dermatophagoides farinae 4. Blatella germanica)"	"Allergens"
"TR11610-3"	"Mucin Clot"	"Hem/BC"
"TR11611-1"	"Amylase/Creatinine Ratio"	"Chemistry"
"TR11612-9"	"Ureaplasma Detection"	"Microbiology"
"TR11490-0"	"Lysozyme"	"Chemistry"
"TR11614-5"	"VDRL"	"Serology"
"TR11615-2"	"West Nile Virus Serology"	"Serology"
"TR11616-0"	"Helicobacter pylori"	"Pathology"
"TR11622-8"	"Chromogranin A"	"Chemistry"
"TR11623-6"	"Human Herpesvirus 5 Antibody"	"Serology"
"TR11624-4"	"Cholesterol in VLDL"	"Chemistry"
"TR11625-1"	"Skin Antibodies"	"Immunology"
"TR11626-9"	"Glucose Post Somatotropin"	"Chemistry"
"TR11627-7"	"Insulin Tolerance Test"	"Chemistry"
"TR11628-5"	"Bilirubin delta"	"Chemistry"
"TR11629-3"	"Lipid Assessment"	"Chemistry"
"TR11630-1"	"Integrated Prenatal Screening"	"Chemistry"
"TR11631-9"	"First Trimester Screening"	"Chemistry"
"TR11632-7"	"Inhibin A dimeric, Maternal Screen"	"Chemistry"
"TR11633-5"	"Pregnancy Associated Plasma Protein A, Maternal Screen"	"Chemistry"
"TR11634-3"	"Mean Platelet Volume"	"Hematology"
"TR11635-0"	"Red Cell Distribution Width"	"Hematology"
"TR11636-8"	"Immunoglobulin Light Chains Free"	"Chemistry"
"TR11637-6"	"Apolipoprotein B / Apolipoprotein A-I Ratio"	"Chemistry"
"TR11638-4"	"Hepatitis C Immunity Panel"	"Serology"
"TR11639-2"	"Chlamydia detection"	"Microbiology"
"TR11640-0"	"Clinical Consultation Pathology"	"Pathology"
"TR11641-8"	"Specimen Comment"	"Chemistry"
"TR11642-6"	"Transferrin Carbohydrate Deficient"	"Chemistry"
"TR11643-4"	"Cyclic Citrullinated Peptide antibody"	"Chemistry"
"TR11644-2"	"Ethyl Glucuronide"	"Chemistry"
"TR11645-9"	"Electrocadiogram"	"Clinical"
"TR11646-7"	"CD45"	"Hematology"
"TR11647-5"	"CD3"	"Hematology"
"TR11648-3"	"Leukocyte Phenotyping"	"Hematology"
"TR11649-1"	"Hemopexin"	"Hematology"
"TR11650-9"	"HLA-D"	"Chemistry"
"TR11651-7"	"Imatinib mesylate"	"Chemistry"
"TR11652-5"	"Lupus Erythematosus Cell Preparation"	"Hematology"
"TR11653-3"	"Immunoglobulins"	"Chemistry"
"TR11654-1"	"Measles virus + Mumps virus + Rubella virus Antibody IgG"	"Serology"
"TR11655-8"	"Narcotic Drug Screen"	"Chemistry"
"TR11656-6"	"Streptococcus Group A Screen"	"Microbiology"
"TR11657-4"	"Tissue Antibody"	"Serology"
"TR11658-2"	"Glutethimide"	"Chemistry"
"TR11659-0"	"Celiac Disease"	"Immunology"
"TR11660-8"	"Alpha Subunit"	"Chemistry"
"TR11661-6"	"Triglyceride/HDL Ratio"	"Chemistry"
"TR11662-4"	"Fatty Acids Omega"	"Chemistry"
"TR11663-2"	"Electrolytes"	"Chemistry"
"TR11664-0"	"Coagulation Tissue Factor Induced Substitution Immediately After Addition of Normal Plasma"	"Hematology"
"TR11665-7"	"Influenza virus A swine origin RNA panel"	"Microbiology"
"TR11666-5"	"Nut Mix 1 (Arachis hypogaea, Corylus avellana, Bertholletia excelsa, Prunus dulcis, Cocos nucifera)"	"Allergens"
"TR11667-3"	"Melanogrammus aeglefinus"	"Allergens"
"TR11668-1"	"Stenodus sp"	"Allergens"
"TR11669-9"	"Immunological Markers"	"Serology"
"TR11670-7"	"Heparin"	"Chemistry"
"TR11671-5"	"Interleukins"	"Chemistry"
"TR11672-3"	"Iodine"	"Chemistry"
"TR11673-1"	"Poxvirus detection"	"Microbiology"
"TR11674-9"	"Mumps virus detection"	"Microbiology"
"TR11675-6"	"Mycobacteriaceae"	"Microbiology"
"TR11676-4"	"Myeloperoxidase antibodies"	"Serology"
"TR11677-2"	"Paraneoplastic antibodies"	"Serology"
"TR11678-0"	"Polyomavirus detection"	"Microbiology"
"TR11679-8"	"Chromosome Studies"	"Pathology"
"TR11680-6"	"Telopeptide"	"Chemistry"
"TR11681-4"	"Coronaviridae"	"Microbiology"
"TR11682-2"	"Muconic acid"	"Chemistry"
"TR11683-0"	"Trichlorobenzene"	"Chemistry"
"TR11684-8"	"Trifluoperazine"	"Chemistry"
"TR11685-5"	"Cytokines"	"Chemistry"
"TR11686-3"	"ABO & Rh Grouping"	"Blood Bank"
"TR11687-1"	"Vibrionaceae"	"Microbiology"
"TR11688-9"	"Arbovirus antibodies"	"Serology"
"TR11689-7"	"Acylcarnitine"	"Chemistry"
"TR11690-5"	"Alpha-2-Antiplasmin"	"Chemistry"
"TR11691-3"	"Apolipoprotein C2 Activation"	"Chemistry"
"TR11692-1"	"Barbital"	"Chemistry"
"TR11693-9"	"C1r Complement"	"Hematology"
"TR11694-7"	"C1s Complement"	"Hematology"
"TR11695-4"	"Elastase 1"	"Chemistry"
"TR11696-2"	"Fragile X Chromosome"	"Pathology"
"TR11697-0"	"Intralipid"	"Chemistry"
"TR11698-8"	"Macroamylase"	"Chemistry"
"TR11699-6"	"Parathyroid Hormone-Related Peptide"	"Chemistry"
"TR11700-2"	"Quetiapine"	"Chemistry"
"TR11701-0"	"S-Sulfocysteine"	"Chemistry"
"TR11702-8"	"Saccharomyces cerevisiae antibodies"	"Serology"
"TR11703-6"	"Methobarbital"	"Chemistry"
"TR11704-4"	"Special Histology"	"Pathology"
"TR11705-1"	"HFE Gene Mutation"	"Chemistry"
"TR11706-9"	"Transferrin Saturation"	"Chemistry"
"TR11707-7"	"Unsaturated Iron Binding Capacity"	"Chemistry"
"TR11708-3"	"Sulfatides"	"Chemistry"
"TR11710-1"	"Transfusion Reaction Investigation"	"Blood Bank"
"TR11711-9"	"Phosphate Clearance"	"Chemistry"
"TR11712-7"	"Beta Glucosidase"	"Chemistry"
"TR11713-5"	"Hyaluronidase Antibodies"	"Chemistry"
"TR11714-3"	"Pyridinoline"	"Chemistry"
"TR11715-0"	"Fatty Acid ethyl esters"	"Chemistry"
"TR11613-7"	"Sars Coronavirus"	"Serology"
"TR11716-8"	"Viral Genotype Susceptibility"	"Microbiology"
"TR11717-6"	"Viral Phenotype Susceptibility"	"Microbiology"
"TR11718-4"	"Bacterial Serology"	"Microbiology"
"TR11719-2"	"Viral Serology"	"Microbiology"
"TR11720-0"	"Mycology Serology"	"Microbiology"
"TR11721-8"	"Parasitic Serology"	"Microbiology"
"TR11722-6"	"Mycobacterial Serology"	"Microbiology"
"TR11723-4"	"Cytology"	"Pathology"
"TR11724-2"	"Rh Grouping"	"Blood Bank"
"TR11808-3"	"Antibody Elution"	"Blood Bank"
"TR11725-9"	"Polychlorinated biphenyl"	"Chemistry"
"TR11726-7"	"Herpes Simplex Virus I & II Antibody IgG"	"Serology"
"TR11727-5"	"Styrene Metabolite"	"Chemistry"
"TR11728-3"	"Avian Precipitins"	"Allergens"
"TR11729-1"	"Chronic Fatigue Syndrome"	"Serology"
"TR11730-9"	"Acid fast stain"	"Microbiology"
"TR11731-7"	"Legionella culture"	"Microbiology"
"TR11732-5"	"Leishmania culture"	"Microbiology"
"TR11733-3"	"Acanthamoeba Culture"	"Microbiology"
"TR11734-1"	"Acanthamoeba Identification"	"Microbiology"
"TR11735-8"	"Actinomyces Culture"	"Microbiology"
"TR11736-6"	"Actinomyces Identification"	"Microbiology"
"TR11737-4"	"Mycobacteria Culture"	"Microbiology"
"TR11738-2"	"Mycobacteria Detection"	"Microbiology"
"TR11739-0"	"Mycobacteria Genotyping"	"Microbiology"
"TR11740-8"	"Mycobacteria Smear"	"Microbiology"
"TR11741-6"	"Antiviral Resistance"	"Microbiology"
"TR11742-4"	"Beta Lactamase Screen"	"Microbiology"
"TR11743-2"	"Bordatella pertussis and parapertussis Detection"	"Microbiology"
"TR11744-0"	"Bordetella Culture"	"Microbiology"
"TR11745-7"	"Bordetella Detection"	"Microbiology"
"TR11746-5"	"Borrelia burgdorferi IgG"	"Microbiology"
"TR11747-3"	"Borrelia burgdorferi IgM"	"Microbiology"
"TR11748-1"	"Carbapenemase Screen"	"Microbiology"
"TR11749-9"	"Chlamydia and Neisseria Detection"	"Microbiology"
"TR11750-7"	"Chlamydophila + Mycoplasma Detection"	"Microbiology"
"TR11751-5"	"Clostridium perfringens Detection"	"Microbiology"
"TR11752-3"	"Clostridium perfringens Enterotoxin"	"Microbiology"
"TR11753-1"	"Microorganism Detection"	"Microbiology"
"TR11754-9"	"Ectoparasite Identification"	"Microbiology"
"TR11755-6"	"ESBL and AmpC Screen"	"Microbiology"
"TR11756-4"	"Flavivirus IgG"	"Microbiology"
"TR11757-2"	"Haemophilus influenza Detection"	"Microbiology"
"TR11758-0"	"Hepatitis Viral Load"	"Microbiology"
"TR11759-8"	"Hepatitis Confirmation"	"Microbiology"
"TR11760-6"	"HIV Confirmation"	"Microbiology"
"TR11761-4"	"HIV Detection"	"Microbiology"
"TR11762-2"	"Influenza Virus A Detection"	"Microbiology"
"TR11763-0"	"Malarial Detection"	"Microbiology"
"TR11764-8"	"Microorganism Microscopy"	"Microbiology"
"TR11765-5"	"MRSA Confirmation"	"Microbiology"
"TR11766-3"	"Neisseria gonorrohoae Confirmation"	"Microbiology"
"TR11767-1"	"Neisseria meningitidis Detection"	"Microbiology"
"TR11768-9"	"Neisseria meningitidis Serotyping"	"Microbiology"
"TR11769-7"	"Norovirus Detection"	"Microbiology"
"TR11770-5"	"Parainfluenza Detection"	"Microbiology"
"TR11771-3"	"Parasite Detection"	"Microbiology"
"TR11772-1"	"Respiratory Syncytial Virus Detection"	"Microbiology"
"TR11773-9"	"Rhinovirus Detection"	"Microbiology"
"TR11774-7"	"Rotavirus Detection"	"Microbiology"
"TR11775-4"	"Staphylococcus aureus Detection"	"Microbiology"
"TR11776-2"	"Staphylococcus aureus Screen"	"Microbiology"
"TR11777-0"	"Syphilis Confirmation"	"Microbiology"
"TR11778-8"	"Syphilis Detection"	"Microbiology"
"TR11779-6"	"Syphilis Titre"	"Microbiology"
"TR11780-4"	"Toxoplasma gondii IgM"	"Microbiology"
"TR11781-2"	"Vancomycin Resistance Confirmation for Staphylocooccus species"	"Microbiology"
"TR11782-0"	"Vancomycin Resistent Enterococcus species Confirmation"	"Microbiology"
"TR11783-8"	"Vancomycin Resistent Staphylococcus species Confirmation"	"Microbiology"
"TR11784-6"	"Varicella zoster Detection"	"Microbiology"
"TR11785-3"	"Verotoxin Detection"	"Microbiology"
"TR11786-1"	"Vibrio Serotyping"	"Microbiology"
"TR11787-9"	"West Nile Virus Detection"	"Microbiology"
"TR11788-7"	"Yeast Culture"	"Microbiology"
"TR11789-5"	"Ammonium"	"Chemistry"
"TR11790-3"	"Osmolarity"	"Chemistry"
"TR11791-1"	"Insulin post XXX Challenge"	"Chemistry"
"TR11792-9"	"Osmolar Gap"	"Chemistry"
"TR11793-7"	"Tonicity"	"Chemistry"
"TR11794-5"	"Platelet Antigen Testing"	"Blood Bank"
"TR11795-2"	"Iron Panel"	"Chemistry"
"TR11796-0"	"Hepatitis Antigen and Antibody Panel"	"Serology"
"TR11797-8"	"Coagulation Panel"	"Hem/BC"
"TR11798-6"	"Urinalysis Panel"	"Chemistry"
"TR11806-7"	"Lipid Panel"	"Chemistry"
"TR11799-4"	"Liver Panel"	"Chemistry"
"TR11800-0"	"Complement Panel"	"Immunology"
"TR11801-8"	"Chemistry Panel"	"Chemistry"
"TR11802-6"	"Cardiac Panel"	"Chemistry"
"TR11807-5"	"Protein Panel"	"Chemistry"
"TR11803-4"	"Calcium Panel"	"Chemistry"
"TR11804-2"	"Thyroid Panel"	"Chemistry"
"TR11805-9"	"Thyroid Antibody Panel"	"Chemistry"
"TR11809-1"	"Phenytoin Corrected"	"Chemistry"
"TR11810-9"	"Magnesium Corrected"	"Chemistry"
"TR11811-7"	"Cutaneous Antibody Screen"	"Immunology"
"TR11812-5"	"Cutaneous Antibody Pattern and Titre"	"Immunology"
"TR11813-3"	"Saccharopolyspora rectivirgula"	"Immunology"
"TR11814-1"	"Thermoactinomyces vulgaris"	"Immunology"
"TR11815-8"	"Pollachius virens"	"Allergens"
"TR11816-6"	"Platelet Function Testing"	"Hematology"
"TR11817-4"	"Proteinase 3 Antibody"	"Serology"
"TR11818-2"	"Mycoplasma Culture"	"Microbiology"
"TR11819-0"	"Ureaplasma Culture"	"Microbiology"
"TR11820-8"	"Toxoplasma gondii Detection"	"Microbiology"
"TR11821-6"	"Toxoplasma gondii IgG"	"Microbiology"
"TR11822-4"	"Staphylococcus aureus and Methicillin Resistant Staphylococcus aureus Screen"	"Microbiology"
